conflict,side_a,side_b,status
Acupuncture for RA pain,Cochrane and CAM review: no difference vs sham,Network meta-analyses: SMD −1.11 to −1.42 vs conventional therapy and non-acupoint sham,Unresolved; disagreement is about control validity
Vitamin D in established RA,"DAS-28 WMD −0.83, moderate certainty",No significant effect on pain across 27 RCTs,Unresolved; may be outcome-specific
Vitamin D for prevention,HR 0.78 at 5.3 yr on treatment,HR 0.98 at 7.3 yr after stopping,"Same trial, opposite readings"
Mediterranean / anti-inflammatory diet,Pain −9.22 mm and −14.00/100,"""Little or no difference"" in pain or activity",Unresolved
Radiation synovectomy,Meta-analysis OR 4 (1.2–14),RCT: 48% response in both arms,Randomisation contradicts pooling
Statins in RA,DAS28 SMD −2.00,I² = 97% in parallel review,Effect size not credible as stated
TwHF safety,Trial-level AEs not significantly raised,40 years of reproductive toxicology,"Different timescales, both real"
Low-dose glucocorticoids,"DAS28 and damage benefit, both p<0.005","Harm 60% vs 49%, RR 1.24",Both endpoints met in one trial
IL-17 inhibitors,ACR20 RR 1.67 in TNF-IR,Not used in RA,Reason not retrieved
