id,raised_in,corrects,superseded_statement,correction,cause,key_ids
C1,Phase 5,Phase 4 (RL-02),No interventional stromal- or fibroblast-directed trial had been conducted in RA.,"False. TRAFIC was an open-label phase 1b dose-finding study of the CDK inhibitor seliciclib in RA active despite anti-TNF; 15 patients across five cohorts, MTD 400 mg. The narrower claim survives: no stromal-directed agent has been tested in a biopsy- or signature-selected RA population.","The Phase 4 registry sweep used fibroblast, anti-fibrotic and FAP terms and missed cell-cycle inhibitors.",PMID 33928262; ISRCTN36667085
C2,Phase 5,Phase 4 (RL-05),The 1992 food-intolerance finding was never followed up.,It was followed up. A chain of blinded food-challenge work runs from 1983 to 2006. The genuine gap is the twenty years of silence since 2006.,"Retrieval gap in the Phase 4 search strategy, recorded as a research gap.","PMIDs 6838671, 3513771, 2332849, 1575571, 1575572, 8070160, 15304675, 16025333"
C3,Phase 5,External public record (not this project),Press coverage of the anti-IL-1alpha phase 2 cites NCT05363917.,The registry entry matching the reported design and enrolment is NCT05363891. Both are RA phase 2 registrations from the same sponsor; neither has posted results.,Reporting error in secondary coverage.,NCT05363891; NCT05363917
V1,Targeted verification,Phase 5 (RL-03),No prospective trial has tested a de-escalation or non-escalation strategy in imaging-negative refractory RA.,NCT05717179 does exactly this. The apparent gap was a retrieval gap. RL-03 was downgraded.,Registry sweep did not reach the trial.,NCT05717179
V2,Targeted verification,Phase 5 (citation),PMID 41328586 is the next-generation cell-cycle-inhibitor trial in RA patients.,"That record is a review summarising the trial. The trial is a separate randomised, placebo-controlled, multiple-ascending-dose study.",Citation misattribution.,PMID 39002122; NCT05437419
V3,Targeted verification,Phase 5 (RL-02 method),STRAP's prospective stratification was histological.,It used semiquantitative immunohistochemistry scored by a masked pathologist combined with a validated 73-gene RNA-seq B-cell panel.,Imprecise description of the method.,STRAP
V4,Targeted verification,Phase 5 (RL-02 evidence strength),Externally validated machine-learning signatures exist.,Too broad. External cohort validation exists for the STRAP-derived tocilizumab and rituximab models in R4RA; not for the etanercept model. R4RA's multidrug-resistance model is internally cross-validated only.,Over-general statement of validation status.,STRAP; R4RA
V5,Targeted verification,Phase 5 / Phase 4 (RL-01 basis),"RL-01's subgroup effect is defined by ACPA status, and its prespecification status is unresolved.","Resolved against the lead. The 4-year paper states the risk-stratified analysis within the ACPA-negative group was not in the published analysis plan; no interaction test and no multiplicity adjustment are reported. The lead was reframed as imaging-burden-selected, not ACPA-selected.",Subgroup basis read from the wrong axis of the published analysis.,PMID 39303731
V6,Targeted verification,Phase 5 (RL-01 evidence count),The 5-year and 4-year TREAT EARLIER results are two pieces of evidence.,"They are the same 66 participants at two time points, with 13 events.",Double-counting of one cohort.,TREAT EARLIER; NTR4853
