nct,title,phase,enrollment,interventions,sponsor,start,completion,results_posted,results_retrievable,linked_pmids,retrieval_attempted,retrieval_date,comp_year,months_since_completion,reporting_status
NCT06241560,A Study in People With Idiopathic Pulmonary Fibrosis to Test Whether Pirfenidone Influences the Amount of BI 1015550 in ,PHASE2,20.0,BI 1015550; Pirfenidone,Boehringer Ingelheim,2026-03-05,2026-08-07,no,no results found,,ClinicalTrials.gov results section; PubMed secondary-source-ID [si] linkage,2026-09-02,2026,1.0,within 12-month reporting window
NCT07036029,NAL ER IPF Respiratory Function and Safety Study,PHASE1,9.0,NAL ER; Placebo,Trevi Therapeutics,2025-08-21,2026-06-30,no,no results found,,ClinicalTrials.gov results section; PubMed secondary-source-ID [si] linkage,2026-09-02,2026,2.0,within 12-month reporting window
NCT07225296,"A Single and Multiple Ascending Dose Study to Evaluate the Safety, Tolerability, Pharmacokinetics and Pharmacodynamics o",PHASE1,63.0,GNS-3545; GNS-3545 Placebo,Genosco Inc.,2025-11-12,2026-06-30,no,no results found,,ClinicalTrials.gov results section; PubMed secondary-source-ID [si] linkage,2026-09-02,2026,2.0,within 12-month reporting window
NCT06589219,Study to Assess CMR316 in Healthy Volunteers and Patients With Idiopathic Pulmonary Fibrosis,PHASE1,89.0,CMR316; Placebo,"Calibr, a division of Scripps Research",2024-08-19,2026-06-23,no,no results found,,ClinicalTrials.gov results section; PubMed secondary-source-ID [si] linkage,2026-09-02,2026,2.0,within 12-month reporting window
NCT07344558,"A Study to Evaluate Safety, Tolerability and Pharmacokinetics of MNKD-201 in Patients With Idiopathic Pulmonary Fibrosis",PHASE1,27.0,MNKD-201(Nintedanib DPI); Placebo,Mannkind Corporation,2025-12-22,2026-06-17,no,no results found,,ClinicalTrials.gov results section; PubMed secondary-source-ID [si] linkage,2026-09-02,2026,3.0,within 12-month reporting window
NCT06181370,"Phase I Study to Assess Safety, Tolerability, PK and PD of AGMB-447 in Healthy Participants and Participants With IPF",PHASE1,143.0,AGMB-447; placebo,Agomab Spain S.L.,2023-12-01,2026-04-29,no,no results found,,ClinicalTrials.gov results section; PubMed secondary-source-ID [si] linkage,2026-09-02,2026,4.0,within 12-month reporting window
NCT05195918,Study of Oral Epigallocatechin-3-gallate (EGCG) in IPF Patients,PHASE1,50.0,EGCG 300 mg + Nintedanib; EGCG 300 mg + Pirfenidone; Placebo 2 capsules + Nintedanib or Pirfenidone; EGCG 600 mg + Ninte,Hal Chapman,2023-08-24,2026-03-19,no,no results found,,ClinicalTrials.gov results section; PubMed secondary-source-ID [si] linkage,2026-09-02,2026,5.0,within 12-month reporting window
NCT06764862,Evaluating the Efficacy and Safety of of HSK44459 in People With Idiopathic Pulmonary Fibrosis,PHASE2,186.0,HSK44459 dose 1; HSK44459 dose 2; HSK44459 dose 3; Placebo,"Haisco Pharmaceutical Group Co., Ltd.",2025-01-17,2026-03-04,no,no results found,,ClinicalTrials.gov results section; PubMed secondary-source-ID [si] linkage,2026-09-02,2026,6.0,within 12-month reporting window
NCT04300920,Prospective Treatment Efficacy in IPF Using Genotype for Nac Selection (PRECISIONS) Trial,PHASE3,202.0,N-acetyl cysteine; Placebo,Fernando J Martinez,2020-12-17,2026-03-02,no,"no results found (only pre-completion linked record, e.g. design/protocol)",36514019(2022),ClinicalTrials.gov results section; PubMed secondary-source-ID [si] linkage,2026-09-02,2026,6.0,within 12-month reporting window
NCT04708782,Study of Efficacy and Safety of Inhaled Treprostinil in Subjects With Idiopathic Pulmonary Fibrosis,PHASE3,598.0,Placebo; Inhaled Treprostinil; Treprostinil Ultrasonic Nebulizer,United Therapeutics,2021-06-01,2026-02-02,no,publication likely (post-completion linked record; primary outcome unverified),42149993(2026),ClinicalTrials.gov results section; PubMed secondary-source-ID [si] linkage,2026-09-02,2026,7.0,within 12-month reporting window
NCT06335303,A Study to Test Whether BI 1819479 Improves Lung Function in People With Idiopathic Pulmonary Fibrosis (IPF),PHASE2,322.0,BI 1819479; Placebo matching BI 1819479,Boehringer Ingelheim,2024-09-05,2026-01-16,no,publication likely (post-completion linked record; primary outcome unverified),41846682(2026),ClinicalTrials.gov results section; PubMed secondary-source-ID [si] linkage,2026-09-02,2026,8.0,within 12-month reporting window
NCT03939520,Management of Progressive Disease in Idiopathic Pulmonary Fibrosis,PHASE4,279.0,pirfenidone and nintedanib; pirfenidone or nintedanib; pirfenidone or nintedanib,Hospices Civils de Lyon,2020-06-11,2026-01-09,no,no results found,,ClinicalTrials.gov results section; PubMed secondary-source-ID [si] linkage,2026-09-02,2026,8.0,within 12-month reporting window
NCT06265532,Collagen-targeted Positron Emission Tomography (PET) Imaging for Assessment of EGCG Effect,PHASE1,12.0,EGCG 300 mg; Placebo for EGCG 300 mg; EGCG 600 mg; Placebo for EGCG 600 mg,Hal Chapman,2024-02-07,2026-01-08,no,no results found,,ClinicalTrials.gov results section; PubMed secondary-source-ID [si] linkage,2026-09-02,2026,8.0,within 12-month reporting window
NCT06502379,"A Single and Multiple Ascending Dose Study to Investigate the Safety, Tolerability, and Pharmacokinetics of AZD8965 in H",PHASE1,147.0,AZD8965; Placebo,AstraZeneca,2024-08-02,2025-11-15,no,no results found,,ClinicalTrials.gov results section; PubMed secondary-source-ID [si] linkage,2026-09-02,2025,10.0,within 12-month reporting window
NCT06331624,Biomarker Modulation and the Inhibition of NKT1 Cells by Oral GRI-0621 in Patients With IPF,PHASE2,35.0,Tazarotene (GRI-0621); Placebo,"GRI Bio Operations, Inc.",2024-04-24,2025-09-30,no,no results found,,ClinicalTrials.gov results section; PubMed secondary-source-ID [si] linkage,2026-09-02,2025,11.0,within 12-month reporting window
NCT05671835,Study of TTI-101 in Participants With Idiopathic Pulmonary Fibrosis,PHASE2,100.0,TTI-101; Placebo,"Tvardi Therapeutics, Incorporated",2023-05-15,2025-08-14,no,no results found,,ClinicalTrials.gov results section; PubMed secondary-source-ID [si] linkage,2026-09-02,2025,13.0,beyond 12-month reporting window
NCT05468502,Phase I/IIa Clinical Trial of Human Umbilical Cord Mesenchymal Stem Cell Injection in the Treatment of Idiopathic Pulmon,PHASE1,17.0,Human umbilical cord mesenchymal stem cell injection,Shanghai Life Science & Technology,2022-10-10,2025-08-01,no,no results found,,ClinicalTrials.gov results section; PubMed secondary-source-ID [si] linkage,2026-09-02,2025,13.0,beyond 12-month reporting window
NCT06230822,"Safety, Tolerability and Efficacy of VUM02 Injection in Treatment of Idiopathic Pulmonary Fibrosis (IPF)",PHASE1,9.0,VUM02 Injection,"Wuhan Optics Valley Vcanbiopharma Co., Ltd.",2024-03-05,2025-08-01,no,no results found,,ClinicalTrials.gov results section; PubMed secondary-source-ID [si] linkage,2026-09-02,2025,13.0,beyond 12-month reporting window
NCT02551068,High Oxygen Delivery to Preserve Exercise Capacity in Idiopathic Pulmonary Fibrosis Patients Treated With Nintedanib,,78.0,60% Oxygen; Standard of Care,University of British Columbia,2015-12,2025-08,no,"no results found (only pre-completion linked record, e.g. design/protocol)",27348402(2016),ClinicalTrials.gov results section; PubMed secondary-source-ID [si] linkage,2026-09-02,2025,21.0,beyond 12-month reporting window
NCT06821464,A Trial of HRS-9813 in Healthy Subjects,PHASE1,45.0,HRS-9813; HRS-9813,"Guangdong Hengrui Pharmaceutical Co., Ltd",2025-02-17,2025-07-27,no,no results found,,ClinicalTrials.gov results section; PubMed secondary-source-ID [si] linkage,2026-09-02,2025,13.0,beyond 12-month reporting window
NCT05255991,Multinational Study of Efficacy and Safety of Inhaled Treprostinil in Subjects With Idiopathic Pulmonary Fibrosis,PHASE3,597.0,Placebo; Inhaled Treprostinil; Treprostinil Ultrasonic Nebulizer,United Therapeutics,2022-10-04,2025-06-30,no,publication likely (post-completion linked record; primary outcome unverified),41812190(2026),ClinicalTrials.gov results section; PubMed secondary-source-ID [si] linkage,2026-09-02,2025,14.0,beyond 12-month reporting window
NCT06683612,PET Study of PIPE-791 in Healthy Volunteers and Volunteers With PrMS and IPF,PHASE1,16.0,PIPE-791,Contineum Therapeutics,2024-12-09,2025-06-12,no,no results found,,ClinicalTrials.gov results section; PubMed secondary-source-ID [si] linkage,2026-09-02,2025,15.0,beyond 12-month reporting window
NCT07031362,The Effectiveness of Pulmonary Rehabilitation on Saturation in Patients With Idiopathic Pulmonary Fibrosis,,50.0,EXERCISE TRAINING WITH OR WITHOUT MEDICATION,Izmir Katip Celebi University,2013-01-01,2025-05-01,no,no results found,,ClinicalTrials.gov results section; PubMed secondary-source-ID [si] linkage,2026-09-02,2025,16.0,beyond 12-month reporting window
NCT06081621,A Clinical Study to Evaluate the Efficacy and Safety of REGEND001 Cell Therapy on Idiopathic Pulmonary Fibrosis (IPF),PHASE2,23.0,REGEND001; Placebo,Regend Therapeutics,2023-12-11,2025-03-14,no,no results found,,ClinicalTrials.gov results section; PubMed secondary-source-ID [si] linkage,2026-09-02,2025,18.0,beyond 12-month reporting window
NCT05483907,"To Evaluate the Efficacy, Safety, and Tolerability of BBT-877 in Patients With IPF",PHASE2,129.0,BBT-877; Placebo,"Bridge Biotherapeutics, Inc.",2023-04-12,2025-02-23,no,publication likely (post-completion linked record; primary outcome unverified),40404183(2025),ClinicalTrials.gov results section; PubMed secondary-source-ID [si] linkage,2026-09-02,2025,18.0,beyond 12-month reporting window
NCT05331729,Evaluation of the Value of 18F-Fluoromisonidazole (18F-FMISO) Positron Emission Tomography Hypoxia Imaging in Idiopathic,PHASE1,20.0,FMISO-PET Protocol,Centre Hospitalier Universitaire Dijon,2023-03-20,2025-02-20,no,no results found,,ClinicalTrials.gov results section; PubMed secondary-source-ID [si] linkage,2026-09-02,2025,18.0,beyond 12-month reporting window
NCT05366387,Effect of Intrapulmonary Percussion Ventilation on Deposition of Inhaled Aerosols in Idiopathic Pulmonary Fibrosis,,9.0,intrapulmonary percussive ventilation; delivery of 99mTc-DTPA aerosol,"University Hospital, Tours",2022-11-23,2025-02-12,no,no results found,,ClinicalTrials.gov results section; PubMed secondary-source-ID [si] linkage,2026-09-02,2025,19.0,beyond 12-month reporting window
NCT05895565,A Multiple Ascending Doses (MAD) Study of PMG1015 in Idiopathic Pulmonary Fibrosis Subjects,PHASE1,29.0,PMG1015; PMG1015 placebo,Pulmongene Ltd.,2023-05-19,2025-02-07,no,no results found,,ClinicalTrials.gov results section; PubMed secondary-source-ID [si] linkage,2026-09-02,2025,19.0,beyond 12-month reporting window
NCT03183570,"Detection of Integrin avb6 in IPF, PSC, and COVID19 Using PET/CT",EARLY_PHASE1,21.0,[18F]FP-R01-MG-F2,Stanford University,2017-11-08,2025-01-25,no,no results found,,ClinicalTrials.gov results section; PubMed secondary-source-ID [si] linkage,2026-09-02,2025,19.0,beyond 12-month reporting window
NCT04838275,IPF mHealth Exercise Study,,32.0,12-week mHealth home exercise prescription,University of Washington,2021-05-01,2024-12-31,no,no results found,,ClinicalTrials.gov results section; PubMed secondary-source-ID [si] linkage,2026-09-02,2024,20.0,beyond 12-month reporting window
NCT06569381,Comparative Pharmacokinetic Study of Pirfenidone Modified-Release Tablets in Healthy Subjects Under Fasting and Fed Cond,PHASE1,18.0,Pirfenidone Modified-Release Tablets; Pirfenidone Modified-Release Tablets,"Overseas Pharmaceuticals, Ltd.",2024-09-18,2024-12-08,no,no results found,,ClinicalTrials.gov results section; PubMed secondary-source-ID [si] linkage,2026-09-02,2024,21.0,beyond 12-month reporting window
NCT06625489,"A Study to Evaluate the Safety, Tolerability and Blood Levels of GSK3915393 Administered to Healthy Participants of Chin",PHASE1,50.0,Part A: Placebo; Nintedanib; GSK3915393,GlaxoSmithKline,2024-10-07,2024-11-25,no,no results found,,ClinicalTrials.gov results section; PubMed secondary-source-ID [si] linkage,2026-09-02,2024,21.0,beyond 12-month reporting window
NCT04529993,"An Atlas of Airways at a Single Cell Level in Chronic Obstructive Pulmonary Disease, Idiopathic Pulmonary Fibrosis and C",,71.0,Bronchoscopy,Centre Hospitalier Universitaire de Nice,2020-11-18,2024-11-18,no,no results found,,ClinicalTrials.gov results section; PubMed secondary-source-ID [si] linkage,2026-09-02,2024,21.0,beyond 12-month reporting window
NCT05984992,The First-in-human Study of SRN-001 in Healthy Participants,PHASE1,25.0,SRN-001; Placebo,siRNAgen Therapeutics Inc.,2023-09-08,2024-09-25,no,no results found,,ClinicalTrials.gov results section; PubMed secondary-source-ID [si] linkage,2026-09-02,2024,23.0,beyond 12-month reporting window
NCT05722964,Study on Intravenous Injection of SHR-1906 in the Treatment of Idiopathic Pulmonary Fibrosis,PHASE2,30.0,SHR-1906; SHR-1906; Placebo,"Guangdong Hengrui Pharmaceutical Co., Ltd",2023-03-29,2024-08-07,no,no results found,,ClinicalTrials.gov results section; PubMed secondary-source-ID [si] linkage,2026-09-02,2024,25.0,beyond 12-month reporting window
NCT04996303,Efficacy of Steroid Pulse Therapy in Acute Exacerbation of Idiopathic Pulmonary Fibrosis (AE-IPF) Admitted in ER,,100.0,Routine steroid administration group; Steroid pulse therapy group,Yonsei University,2021-07-27,2024-07-18,no,no results found,,ClinicalTrials.gov results section; PubMed secondary-source-ID [si] linkage,2026-09-02,2024,25.0,beyond 12-month reporting window
NCT06563011,The Assessment of Nutritional Status of Patients With IPF,,31.0,Counselling,İrem Çağla Özel,2023-09-05,2024-06-05,no,no results found,,ClinicalTrials.gov results section; PubMed secondary-source-ID [si] linkage,2026-09-02,2024,27.0,beyond 12-month reporting window
NCT06588517,Comparative Pharmacokinetic(PK) Study of Pirfenidone Modified-Release Tablets and Pirfenidone Tablets in Healthy Subject,PHASE1,12.0,Pirfenidone Modified-Release Tablets; Pirfenidone Tablets,"Overseas Pharmaceuticals, Ltd.",2024-04-08,2024-04-27,no,no results found,,ClinicalTrials.gov results section; PubMed secondary-source-ID [si] linkage,2026-09-02,2024,28.0,beyond 12-month reporting window
NCT05976217,Safety and Efficacy of Venetoclax in Idiopathic Pulmonary Fibrosis,EARLY_PHASE1,3.0,Venetoclax,University of Alabama at Birmingham,2023-10-01,2024-03-20,no,no results found,,ClinicalTrials.gov results section; PubMed secondary-source-ID [si] linkage,2026-09-02,2024,29.0,beyond 12-month reporting window
NCT04540770,"A Phase 1 Study to Evaluate Safety, Tolerability, Pharmacokinetics, and Immunogenicity of HuL001",PHASE1,24.0,HuL001,"HuniLife Biotechnology, Inc.",2021-08-31,2024-01-19,no,no results found,,ClinicalTrials.gov results section; PubMed secondary-source-ID [si] linkage,2026-09-02,2024,31.0,beyond 12-month reporting window
NCT03890250,Neuromuscular Electrical Stimulation in Patients With Idiopathic Pulmonary Fibrosis,,22.0,Aerobic exercise; Neuromuscular electrical stimulation,Biruni University,2019-03-20,2024-01-01,no,no results found,,ClinicalTrials.gov results section; PubMed secondary-source-ID [si] linkage,2026-09-02,2024,32.0,beyond 12-month reporting window
NCT05119972,"Tolerability, Pharmacokinetics and Efficacy of ZSP1603 in Patients With Idiopathic Pulmonary Fibrosis （IPF）",PHASE1|PHASE2,15.0,ZSP1603; Placebo,"Guangdong Raynovent Biotech Co., Ltd",2021-10-21,2023-12-21,no,no results found,,ClinicalTrials.gov results section; PubMed secondary-source-ID [si] linkage,2026-09-02,2023,32.0,beyond 12-month reporting window
NCT04968574,A Study Evaluating the Safety and Efficacy of ENV-101 in Subjects With Idiopathic Pulmonary Fibrosis (IPF),PHASE2,41.0,taladegib; placebo,"Endeavor Biomedicines, Inc.",2021-08-26,2023-11-30,no,publication likely (post-completion linked record; primary outcome unverified),41043447(2025),ClinicalTrials.gov results section; PubMed secondary-source-ID [si] linkage,2026-09-02,2023,33.0,beyond 12-month reporting window
NCT05932303,"A Study to Assess the Effect of Multiple Doses of Itraconazole, Gemfibrozil, or Carbamazepine on BMS-986278 in Healthy P",PHASE1,47.0,BMS-986278; Itraconazole; Gemfibrozil; Carbamazepine,Bristol-Myers Squibb,2023-07-12,2023-10-23,no,no results found,,ClinicalTrials.gov results section; PubMed secondary-source-ID [si] linkage,2026-09-02,2023,34.0,beyond 12-month reporting window
NCT06589921,Comparative Pharmacokinetic Study of Pirfenidone Modified-Release Tablets and Pirfenidone Tablets in Healthy Subjects Un,PHASE1,24.0,Pirfenidone Modified-Release Tablets; Pirfenidone Tablets,"Overseas Pharmaceuticals, Ltd.",2023-08-25,2023-09-14,no,no results found,,ClinicalTrials.gov results section; PubMed secondary-source-ID [si] linkage,2026-09-02,2023,36.0,beyond 12-month reporting window
NCT03326089,Pulmonary Rehabilitation in Idiopathic Pulmonary Fibrosis,,20.0,Pulmonary rehabilitation,Corfu General Hospital,2017-06-01,2023-08-28,no,no results found,,ClinicalTrials.gov results section; PubMed secondary-source-ID [si] linkage,2026-09-02,2023,36.0,beyond 12-month reporting window
NCT05473533,Study of Single and Multiple Doses of PRS-220 Administered by Oral Inhalation in Healthy Subjects,PHASE1,64.0,Placebo; PRS-220,Pieris Australia Pty Ltd,2022-10-31,2023-08-11,no,no results found,,ClinicalTrials.gov results section; PubMed secondary-source-ID [si] linkage,2026-09-02,2023,37.0,beyond 12-month reporting window
NCT03222648,Structured Exercise Training Programme in Idiopathic Pulmonary Fibrosis,,17.0,Structured Responsive Exercise Training; Usual Care,University Hospital Southampton NHS Foundation Trust,2017-09-22,2023-08-08,no,no results found,,ClinicalTrials.gov results section; PubMed secondary-source-ID [si] linkage,2026-09-02,2023,37.0,beyond 12-month reporting window
NCT05817240,A Drug-Drug Interaction Study of ENV-101 (Taladegib) on Nintedanib Pharmacokinetics in Healthy Subjects,PHASE1,21.0,taladegib; nintedanib,"Endeavor Biomedicines, Inc.",2023-05-03,2023-06-21,no,no results found,,ClinicalTrials.gov results section; PubMed secondary-source-ID [si] linkage,2026-09-02,2023,38.0,beyond 12-month reporting window
NCT05657184,Treatment of Idiopathic Pulmonary Fibrosis (IPF) by REGEND001,PHASE1,12.0,REGEND001,Regend Therapeutics,2021-07-19,2023-06-09,no,no results found,,ClinicalTrials.gov results section; PubMed secondary-source-ID [si] linkage,2026-09-02,2023,39.0,beyond 12-month reporting window
NCT06372353,The Effect Of Baduanjin Exercises In Patients With Idiopathic Pulmonary Fibrosis,,28.0,Baduanjin Exercise,Marmara University,2022-06-01,2023-06-06,no,publication likely (post-completion linked record; primary outcome unverified),41184899(2025),ClinicalTrials.gov results section; PubMed secondary-source-ID [si] linkage,2026-09-02,2023,39.0,beyond 12-month reporting window
NCT05684289,"A Study Investigating the Safety, Tolerability, Drug Levels and Drug Effect of BMS-986278 in Healthy Adult Participants ",PHASE1,61.0,BMS-986278; Sildenafil; Placebo,Bristol-Myers Squibb,2023-01-03,2023-05-02,no,no results found,,ClinicalTrials.gov results section; PubMed secondary-source-ID [si] linkage,2026-09-02,2023,40.0,beyond 12-month reporting window
NCT05095363,Palliative Care Planner (PCplanner),,43.0,PCplanner,Duke University,2022-03-16,2023-03-31,no,publication likely (post-completion linked record; primary outcome unverified),39158903(2025),ClinicalTrials.gov results section; PubMed secondary-source-ID [si] linkage,2026-09-02,2023,41.0,beyond 12-month reporting window
NCT05134727,"Assess the Safety, Tolerability and Pharmacokinetics of AZD5055 Following Single and Multiple Ascending Doses in Healthy",PHASE1,63.0,AZD5055; Placebo,AstraZeneca,2021-11-18,2023-03-31,no,no results found,,ClinicalTrials.gov results section; PubMed secondary-source-ID [si] linkage,2026-09-02,2023,41.0,beyond 12-month reporting window
NCT04931147,"A 3-part Study to Evaluate Safety, Tolerability, Food Effect and Drug-drug Interactions of RXC007 in Healthy Volunteers",PHASE1,90.0,RXC007; RXC007 Matching Placebo,Redx Pharma Ltd,2021-05-13,2023-03-08,no,no results found,,ClinicalTrials.gov results section; PubMed secondary-source-ID [si] linkage,2026-09-02,2023,42.0,beyond 12-month reporting window
NCT06135363,"Safety, Tolerability and Pharmacokinetic Study of SC1011 in Healthy Subjects",PHASE1,45.0,SC1011; Placebo tablet,"Guangzhou JOYO Pharma Co., Ltd",2022-08-11,2023-01-14,no,no results found,,ClinicalTrials.gov results section; PubMed secondary-source-ID [si] linkage,2026-09-02,2023,44.0,beyond 12-month reporting window
NCT05154240,"A Phase 1, Evaluate the Safety, Tolerability, and Pharmacokinetics of INS018_055 in Healthy Subjects",PHASE1,78.0,INS018_055; Placebo,InSilico Medicine Hong Kong Limited,2022-02-21,2022-12-02,no,no results found,,ClinicalTrials.gov results section; PubMed secondary-source-ID [si] linkage,2026-09-02,2022,45.0,beyond 12-month reporting window
NCT05428150,"Randomized, Crossover, Multi-Dose Pharmacokinetics of EXCL-100 Pirfenidone-Sustained Release Tablet and Esbriet in Healt",PHASE1,32.0,"Esbriet 267 MG Oral Capsule; EXCL-100, 600 MG Oral Tablet","Excalibur Pharmaceuticals, Inc.",2022-08-08,2022-09-25,no,no results found,,ClinicalTrials.gov results section; PubMed secondary-source-ID [si] linkage,2026-09-02,2022,47.0,beyond 12-month reporting window
NCT04986540,A Trial of SHR - 1906 in Healthy Subjects,PHASE1,72.0,SHR-1906；Placebo,"Guangdong Hengrui Pharmaceutical Co., Ltd",2021-08-10,2022-09-07,no,no results found,,ClinicalTrials.gov results section; PubMed secondary-source-ID [si] linkage,2026-09-02,2022,48.0,beyond 12-month reporting window
NCT05022771,"A First in Human Study to Evaluate the Safety, Tolerability, Pharmacokinetics and Immunogenicity of PMG1015",PHASE1,54.0,PMG1015 Dose 1; PMG1015 Dose 2; PMG1015 Dose 3; PMG1015 Dose 4; PMG1015 Dose 5; PMG1015 Dose 6; Placebo; PMG1015 Dose 7,Pulmongene Ltd.,2021-10-14,2022-08-18,no,no results found,,ClinicalTrials.gov results section; PubMed secondary-source-ID [si] linkage,2026-09-02,2022,48.0,beyond 12-month reporting window
NCT04720443,"A Safety, Tolerability, and Pharmacokinetic Study of NIP292 in Healthy Normal Subjects",PHASE1,56.0,NIP292 tablet; NIP292 tablet; NIP292 tablet; NIP292 tablet; NIP292 tablet; NIP292 tablets; NIP292 tablets,"The National Institutes of Pharmaceutical R&D Co. Ltd, China",2019-11-22,2022-07-14,no,no results found,,ClinicalTrials.gov results section; PubMed secondary-source-ID [si] linkage,2026-09-02,2022,50.0,beyond 12-month reporting window
NCT04069143,"A Study to Evaluate the Safety, Tolerability, Kinetics and Repeatability of 18F-BMS-986327",PHASE1,14.0,18F-BMS-986327,Bristol-Myers Squibb,2019-10-01,2022-07-12,no,no results found,,ClinicalTrials.gov results section; PubMed secondary-source-ID [si] linkage,2026-09-02,2022,50.0,beyond 12-month reporting window
NCT04312594,Study of Jaktinib Hydrochloride Tablets in Participants With Idiopathic Pulmonary Fibrosis,PHASE2,91.0,Jaktinib Hydrochloride Tablets; Jaktinib Hydrochloride Tablets; Placebo,"Suzhou Zelgen Biopharmaceuticals Co.,Ltd",2020-09-08,2022-06-09,no,no results found,,ClinicalTrials.gov results section; PubMed secondary-source-ID [si] linkage,2026-09-02,2022,51.0,beyond 12-month reporting window
NCT05353556,Effects of Home-based Inspiratory Muscle Training in Patients With IPF,,28.0,Inspiratory Muscle Training (IMT); Sham IMT,Dokuz Eylul University,2022-02-21,2022-05-30,no,publication likely (post-completion linked record; primary outcome unverified),39129185(2024),ClinicalTrials.gov results section; PubMed secondary-source-ID [si] linkage,2026-09-02,2022,51.0,beyond 12-month reporting window
NCT04318704,"Efficacy, Safety and Tolerability of NP-120 on Idiopathic Pulmonary Fibrosis and Its Associated Cough",PHASE2,20.0,Ifenprodil,Algernon Pharmaceuticals,2020-07-29,2022-05-10,no,no results found,,ClinicalTrials.gov results section; PubMed secondary-source-ID [si] linkage,2026-09-02,2022,52.0,beyond 12-month reporting window
NCT06160440,"The Safety, Tolerability, and Pharmacokinetic Study of SC1011 in Healthy Subjects.",PHASE1,55.0,SC1011,"Guangzhou JOYO Pharma Co., Ltd",2021-06-03,2022-02-23,no,no results found,,ClinicalTrials.gov results section; PubMed secondary-source-ID [si] linkage,2026-09-02,2022,54.0,beyond 12-month reporting window
NCT04233814,"Safety, Tolerability and Pharmacokinetic Study of LTI-03 in Healthy Adult Subjects",PHASE1,71.0,Caveolin-1-Scaffolding-Protein-Derived Peptide (LTI-03); Placebo,Rein Therapeutics,2020-01-20,2021-12-23,no,no results found,,ClinicalTrials.gov results section; PubMed secondary-source-ID [si] linkage,2026-09-02,2021,56.0,beyond 12-month reporting window
NCT05173571,Homecare Integral Support Program for IPF Patients,,95.0,"Comprehensive patient support program (educational, physiotherapy, nutritional, emotional)",Institut d'Investigació Biomèdica de Bellvitge,2018-07-01,2021-12-12,no,no results found,,ClinicalTrials.gov results section; PubMed secondary-source-ID [si] linkage,2026-09-02,2021,57.0,beyond 12-month reporting window
NCT05383131,To Evaluate Drug-drug Interactions Between HEC585 and Pirfenidone or Nintedanib in Healthy Volunteers,PHASE1,33.0,HEC585; Pirfenidone; Nintedanib,"Sunshine Lake Pharma Co., Ltd.",2021-06-23,2021-11-30,no,no results found,,ClinicalTrials.gov results section; PubMed secondary-source-ID [si] linkage,2026-09-02,2021,57.0,beyond 12-month reporting window
NCT07588646,Study To Investigate The Potential DDI Between HEC585 And Pirfenidone/Nintedanib In Healthy Subjects,PHASE1,33.0,HEC585; Nintedanib; Pirfenidone,"Sunshine Lake Pharma Co., Ltd.",2021-06-29,2021-11-30,no,no results found,,ClinicalTrials.gov results section; PubMed secondary-source-ID [si] linkage,2026-09-02,2021,57.0,beyond 12-month reporting window
NCT04512170,"Single and Multiple Dose Safety, Tolerability, PK and Food Effect Study of HEC585 in Healthy Male and Female Subjects",PHASE1,72.0,HEC585; placebo,"Sunshine Lake Pharma Co., Ltd.",2020-07-13,2021-08-23,no,no results found,,ClinicalTrials.gov results section; PubMed secondary-source-ID [si] linkage,2026-09-02,2021,60.0,beyond 12-month reporting window
NCT04888715,To Evaluate Drug-drug Interactions Between DWN12088 and Pirfenidone or Nintedanib in Healthy Volunteers,PHASE1,48.0,DWN12088; Pirfenidone; Nintedanib,Daewoong Pharmaceutical Co. LTD.,2021-07-23,2021-08-18,no,no results found,,ClinicalTrials.gov results section; PubMed secondary-source-ID [si] linkage,2026-09-02,2021,60.0,beyond 12-month reporting window
NCT04888728,To Evaluate Drug-drug Interactions Between DWN12088 and Nebivolol or Paroxetine in Healthy Volunteers,PHASE1,24.0,DWN12088; Nebivolol; Paroxetine,Daewoong Pharmaceutical Co. LTD.,2021-06-30,2021-07-27,no,no results found,,ClinicalTrials.gov results section; PubMed secondary-source-ID [si] linkage,2026-09-02,2021,61.0,beyond 12-month reporting window
NCT04767815,To Evaluate Food Effect on the PK and Safety After Oral DWN12088 Administration in Healthy Adult Volunteers,PHASE1,36.0,Diet A group; Diet B group; Diet C group,Daewoong Pharmaceutical Co. LTD.,2021-03-22,2021-06-04,no,no results found,,ClinicalTrials.gov results section; PubMed secondary-source-ID [si] linkage,2026-09-02,2021,63.0,beyond 12-month reporting window
NCT04481074,Inspiratory Muscle Training in Patients With Interstitial Lung Disease,,14.0,Inspiratory muscle training,Federal University of Minas Gerais,2020-07-30,2021-04-30,no,no results found,,ClinicalTrials.gov results section; PubMed secondary-source-ID [si] linkage,2026-09-02,2021,64.0,beyond 12-month reporting window
NCT04564664,High-flow Oxygen Therapy During Exercise in Idiopathic Pulmonary Fibrosis,,10.0,Oxygen,Parc de Salut Mar,2019-03-01,2021-03-30,no,no results found,,ClinicalTrials.gov results section; PubMed secondary-source-ID [si] linkage,2026-09-02,2021,65.0,beyond 12-month reporting window
NCT01862926,Rituximab Versus Cyclophosphamide in Connective Tissue Disease-ILD,PHASE2|PHASE3,104.0,Rituximab; Cyclophosphamide,Royal Brompton & Harefield NHS Foundation Trust,2014-11,2021-01,no,publication likely (post-completion linked record; primary outcome unverified),36375479(2023),ClinicalTrials.gov results section; PubMed secondary-source-ID [si] linkage,2026-09-02,2021,69.0,beyond 12-month reporting window
NCT03979430,Early Detection of Acute Exacerbation in Patients With Idiopathic Lung Fibrosis - a Pilot Study,,47.0,Home spirometry,Heidelberg University,2018-09-07,2020-12-31,no,no results found,,ClinicalTrials.gov results section; PubMed secondary-source-ID [si] linkage,2026-09-02,2020,68.0,beyond 12-month reporting window
NCT02478268,Using MRI to Visualize Regional Therapy Response in Idiopathic Pulmonary Fibrosis,PHASE1,64.0,Hyperpolarized 129-Xenon gas; MRI,Bastiaan Driehuys,2015-05,2020-09-26,no,no results found,,ClinicalTrials.gov results section; PubMed secondary-source-ID [si] linkage,2026-09-02,2020,71.0,beyond 12-month reporting window
NCT02745184,Clinical Efficacy and Safety of Autologous Lung Stem Cell Transplantation in Patients With Idiopathic Pulmonary Fibrosis,PHASE1|PHASE2,10.0,Lung stem cells,Shanghai East Hospital,2017-03-30,2020-08-31,no,no results found,,ClinicalTrials.gov results section; PubMed secondary-source-ID [si] linkage,2026-09-02,2020,72.0,beyond 12-month reporting window
NCT03499275,Muscle Stimulation in Advanced Idiopathic Pulmonary Fibrosis,,23.0,Active NMES; Sham NMES; Home exercise programme; Breathlessness advice,Royal Brompton & Harefield NHS Foundation Trust,2018-10-15,2020-08-15,no,publication likely (post-completion linked record; primary outcome unverified),34083348(2021),ClinicalTrials.gov results section; PubMed secondary-source-ID [si] linkage,2026-09-02,2020,73.0,beyond 12-month reporting window
NCT02594059,Assessment of Peripheral Endothelial Function in Idiopathic Pulmonary Fibrosis,,43.0,endothelial function,Hopital Foch,2012-12-19,2020-07-15,no,no results found,,ClinicalTrials.gov results section; PubMed secondary-source-ID [si] linkage,2026-09-02,2020,74.0,beyond 12-month reporting window
NCT02929017,Integrating Palliative Care for Patients With Idiopathic Pulmonary Fibrosis and Their Caregivers,,140.0,SUPPORT; Currently Available Printed Material,University of Pittsburgh,2017-03-23,2020-06-24,no,publication likely (post-completion linked record; primary outcome unverified),34003726(2021),ClinicalTrials.gov results section; PubMed secondary-source-ID [si] linkage,2026-09-02,2020,74.0,beyond 12-month reporting window
NCT03979703,Yoga in Patients With Fibrosing Interstitial Lung Diseases,,17.0,12 week yoga class,Heidelberg University,2018-12-01,2020-05-31,no,no results found,,ClinicalTrials.gov results section; PubMed secondary-source-ID [si] linkage,2026-09-02,2020,75.0,beyond 12-month reporting window
NCT03650075,To Determine Safety and Tolerability of MG-S-2525 and to Evaluate Its PK Profile in Healthy Volunteers,PHASE1,81.0,MG-S-2525,Metagone Biotech Inc.,2019-02-25,2020-02-27,no,no results found,,ClinicalTrials.gov results section; PubMed secondary-source-ID [si] linkage,2026-09-02,2020,78.0,beyond 12-month reporting window
NCT03078426,Lung MRI in the Management of Idiopathic Pulmonary Fibrosis,,60.0,MRI; Thoracic HRCT (standard reference),"University Hospital, Bordeaux",2017-02-16,2020-02-14,no,no results found,,ClinicalTrials.gov results section; PubMed secondary-source-ID [si] linkage,2026-09-02,2020,79.0,beyond 12-month reporting window
NCT03830125,"Safety, Tolerability, Pharmacokinetics, and Pharmacodynamics of BBT-877 in Healthy Subjects",PHASE1,88.0,"BBT-877, Single dose; Placebo group; BBT-877, Multiple doses","Bridge Biotherapeutics, Inc.",2019-02-13,2019-11-24,no,no results found,,ClinicalTrials.gov results section; PubMed secondary-source-ID [si] linkage,2026-09-02,2019,81.0,beyond 12-month reporting window
NCT03619616,"Study to Evaluate the Safety, Tolerability and Pharmacokinetics of Single Ascending Dose of ZSP1603 in Healthy Adults",PHASE1,40.0,ZSP1603 7.5 mg; ZSP1603 12.5 mg; Placebo 12.5mg; ZSP1603 25 mg; Placebo 25mg; ZSP1603 50 mg; Placebo 50mg,"Guangdong Zhongsheng Pharmaceutical Co., Ltd.",2018-07-16,2019-10-22,no,no results found,,ClinicalTrials.gov results section; PubMed secondary-source-ID [si] linkage,2026-09-02,2019,82.0,beyond 12-month reporting window
NCT03420235,Home Monitoring in Idiopathic Pulmonary Fibrosis; Improving Use of Anti-fibrotic Medication and Quality of Life,,90.0,Home monitoring program,Erasmus Medical Center,2018-01-09,2019-08-26,no,publication likely (post-completion linked record; primary outcome unverified),32325005(2020); 32703201(2020),ClinicalTrials.gov results section; PubMed secondary-source-ID [si] linkage,2026-09-02,2019,84.0,beyond 12-month reporting window
NCT02173145,Azithromycin in Idiopathic Pulmonary Fibrosis,,27.0,azithromycin; placebo,"Insel Gruppe AG, University Hospital Bern",2014-08-19,2019-08-16,no,publication likely (post-completion linked record; primary outcome unverified),34015241(2021),ClinicalTrials.gov results section; PubMed secondary-source-ID [si] linkage,2026-09-02,2019,85.0,beyond 12-month reporting window
NCT03981094,A Study of the Pharmacokinetic Interaction Between Pirfenidone and BMS-986278 in Healthy Participants,PHASE1,22.0,BMS-986278; Pirfenidone,Bristol-Myers Squibb,2019-05-10,2019-07-30,no,no results found,,ClinicalTrials.gov results section; PubMed secondary-source-ID [si] linkage,2026-09-02,2019,85.0,beyond 12-month reporting window
NCT02460588,Cyclophosphamide for Acute Exacerbation of Idiopathic Pulmonary Fibrosis,PHASE3,120.0,Cyclophosphamide; Placebo; Corticosteroid (prednisolone),Assistance Publique - Hôpitaux de Paris,2015-12,2019-07,no,publication likely (post-completion linked record; primary outcome unverified),34506761(2022); 30971235(2019),ClinicalTrials.gov results section; PubMed secondary-source-ID [si] linkage,2026-09-02,2019,93.0,beyond 12-month reporting window
NCT02874989,Targeting Pro-Inflammatory Cells in Idiopathic Pulmonary Fibrosis: a Human Trial,PHASE1,26.0,Dasatinib + Quercetin; Placebo,Wake Forest University Health Sciences,2016-12-16,2019-06-03,no,publication likely (post-completion linked record; primary outcome unverified),30616998(2019),ClinicalTrials.gov results section; PubMed secondary-source-ID [si] linkage,2026-09-02,2019,87.0,beyond 12-month reporting window
NCT03688334,Acute Effects of Oxygen Supplementation Among IPF Patients,,15.0,Oxygen 40 %; Medical air (sham O2),George Papanicolaou Hospital,2018-06-01,2019-06-01,no,no results found,,ClinicalTrials.gov results section; PubMed secondary-source-ID [si] linkage,2026-09-02,2019,87.0,beyond 12-month reporting window
NCT03502902,"The Safety, Tolerability and Pharmacokinetic Study of HEC68498 in Healthy Male and Female Subjects",PHASE1,55.0,HEC 68498; Placebo,"Sunshine Lake Pharma Co., Ltd.",2018-04-26,2019-03-15,no,no results found,,ClinicalTrials.gov results section; PubMed secondary-source-ID [si] linkage,2026-09-02,2019,90.0,beyond 12-month reporting window
NCT03981406,Palliative Care and Quality of Life in Idiopathic Pulmonary Fibrosis,,22.0,Palliative Care; Standard of Care,University of Minnesota,2017-09-15,2019-03-01,no,publication likely (post-completion linked record; primary outcome unverified),31900187(2020),ClinicalTrials.gov results section; PubMed secondary-source-ID [si] linkage,2026-09-02,2019,90.0,beyond 12-month reporting window
NCT03092102,"The Safety, Tolerability and Pharmacokinetic Study of HEC585 in Healthy Male and Female Subjects",PHASE1,136.0,HEC585,"Sunshine Lake Pharma Co., Ltd.",2017-05-20,2019-02-25,no,no results found,,ClinicalTrials.gov results section; PubMed secondary-source-ID [si] linkage,2026-09-02,2019,90.0,beyond 12-month reporting window
NCT03411876,Effects of Oxymizer Pendant Cannula Versus Conventional Nasal Cannula During Endurance Shuttle Walk Tests in Hypoxemic P,,22.0,Oxymizer® pendant nasal cannula; conventional nasal cannula,Klaus Kenn,2018-01-18,2019-01-15,no,no results found,,ClinicalTrials.gov results section; PubMed secondary-source-ID [si] linkage,2026-09-02,2019,92.0,beyond 12-month reporting window
NCT03268915,Idiopathic Pulmonary Fibrosis (IPF) and the 3 Minutes Sit-to-stand Test,,35.0,3 minutes sit-to-stand test,"University Hospital, Grenoble",2017-02-09,2018-12-09,no,no results found,,ClinicalTrials.gov results section; PubMed secondary-source-ID [si] linkage,2026-09-02,2018,93.0,beyond 12-month reporting window
NCT00563212,A Pilot Study of Aerosol Interferon-gamma for Treatment of Idiopathic Pulmonary Fibrosis,PHASE1,12.0,aerosol interferon-gamma,NYU Langone Health,2007-01,2018-12-01,no,publication likely (post-completion linked record; primary outcome unverified),35667792(2022),ClinicalTrials.gov results section; PubMed secondary-source-ID [si] linkage,2026-09-02,2018,93.0,beyond 12-month reporting window
NCT02739165,Clinical Study of ART-123 for the Treatment of Acute Exacerbation of Idiopathic Pulmonary Fibrosis,PHASE3,74.0,ART-123; Placebo,Asahi Kasei Therapeutics Corporation,2016-05,2018-12,no,publication likely (post-completion linked record; primary outcome unverified),31917621(2020),ClinicalTrials.gov results section; PubMed secondary-source-ID [si] linkage,2026-09-02,2018,105.0,beyond 12-month reporting window
NCT01919827,Study of Autologous Mesenchymal Stem Cells to Treat Idiopathic Pulmonary Fibrosis,PHASE1,17.0,Endobronchial infusion of adult mesenchymal stem cells; Autologous mesenchymal stem cells derived from bone marrow,"Clinica Universidad de Navarra, Universidad de Navarra",2013-03,2018-05-01,no,publication likely (post-completion linked record; primary outcome unverified),34195252(2021),ClinicalTrials.gov results section; PubMed secondary-source-ID [si] linkage,2026-09-02,2018,100.0,beyond 12-month reporting window
NCT02600689,Home-Based Pulmonary Rehab for Patients With Pulmonary Fibrosis,,20.0,Physical exercise training; Cognitive exercise training,University of Alabama at Birmingham,2015-08,2018-03-16,no,publication likely (post-completion linked record; primary outcome unverified),31241519(2019),ClinicalTrials.gov results section; PubMed secondary-source-ID [si] linkage,2026-09-02,2018,102.0,beyond 12-month reporting window
NCT03050255,Short-term Effects of Supplemental Oxygen in Patients With IPF,,53.0,Medical air; Oxygen (2Liter/min); Oxygen (4Liter/min),Schön Klinik Berchtesgadener Land,2016-11,2018-03,no,no results found,,ClinicalTrials.gov results section; PubMed secondary-source-ID [si] linkage,2026-09-02,2018,105.0,beyond 12-month reporting window
NCT02594839,Safety and Efficacy of Allogeneic Mesenchymal Stem Cells in Patients With Rapidly Progressive Interstitial Lung Disease,PHASE1|PHASE2,20.0,Bone marrow mesenchymal stem cells; Placebo,Federal Research Clinical Center of Federal Medical & Biolog,2013-02,2018-01,no,no results found,,ClinicalTrials.gov results section; PubMed secondary-source-ID [si] linkage,2026-09-02,2018,105.0,beyond 12-month reporting window
NCT01624753,Fibered Confocal Fluorescence Microscopy Imaging in Patients With Diffuse Parenchymal Lung Diseases,,27.0,confocal microscopy,Singapore General Hospital,2012-05,2017-11,no,no results found,,ClinicalTrials.gov results section; PubMed secondary-source-ID [si] linkage,2026-09-02,2017,117.0,beyond 12-month reporting window
NCT02267655,3 Part Study to Assess Inhaled Nitric Oxide on Functional Pulmonary Imaging in Subj. Pulmonary Hypertension Associated w,PHASE1,8.0,"inhaled Nitric Oxide - 30 mcg/kg IBW/hr; inhaled Nitric Oxide 5,10,15 mcg/Kg IBW/hr; inhaled nitric oxide 75 mcg/kg IBW/",Bellerophon,2015-05,2017-06-28,no,no results found,,ClinicalTrials.gov results section; PubMed secondary-source-ID [si] linkage,2026-09-02,2017,110.0,beyond 12-month reporting window
NCT01262001,"Safety, Tolerability, and Efficacy Study of Idiopathic Pulmonary Fibrosis",PHASE2,90.0,FG-3019; FG-3019,Kyntra Bio,2011-03,2017-06-21,no,publication likely (post-completion linked record; primary outcome unverified),40355288(2025),ClinicalTrials.gov results section; PubMed secondary-source-ID [si] linkage,2026-09-02,2017,110.0,beyond 12-month reporting window
NCT02055456,Nandrolone Decanoate in the Treatment of Telomeropathies,PHASE1|PHASE2,20.0,Nandrolone Decanoate,University of Sao Paulo,2014-02-01,2017-02-01,no,publication likely (post-completion linked record; primary outcome unverified),36579443(2023),ClinicalTrials.gov results section; PubMed secondary-source-ID [si] linkage,2026-09-02,2017,115.0,beyond 12-month reporting window
NCT02538536,A Phase 2 Study to Evaluate the Safety and Tolerability of PBI-4050 in Patients With Idiopathic Pulmonary Fibrosis (IPF),PHASE2,41.0,PBI4050,Liminal BioSciences Ltd.,2015-07,2017-01,no,no results found,,ClinicalTrials.gov results section; PubMed secondary-source-ID [si] linkage,2026-09-02,2017,117.0,beyond 12-month reporting window
NCT02648048,A Study of Oral Vismodegib in Combination With Pirfenidone in Participants With Idiopathic Pulmonary Fibrosis,PHASE1,21.0,Pirfenidone; Vismodegib,Hoffmann-La Roche,2016-01-15,2016-11-30,no,publication likely (post-completion linked record; primary outcome unverified),32026407(2019),ClinicalTrials.gov results section; PubMed secondary-source-ID [si] linkage,2026-09-02,2016,117.0,beyond 12-month reporting window
NCT01772667,Long Term Effects of an Inpatient Pulmonary Rehabilitation Program in Patients With Pulmonary Fibrosis,,51.0,Inpatient Rehabilitation,Schön Klinik Berchtesgadener Land,2013-10,2016-10,no,no results found,,ClinicalTrials.gov results section; PubMed secondary-source-ID [si] linkage,2026-09-02,2016,129.0,beyond 12-month reporting window
NCT02085018,Pilot Trial Of Omeprazole in Idiopathic Pulmonary Fibrosis (IPF),PHASE2,45.0,Omeprazole; Matched placebo,Newcastle-upon-Tyne Hospitals NHS Trust,2014-03-28,2016-09-27,no,no results found,,ClinicalTrials.gov results section; PubMed secondary-source-ID [si] linkage,2026-09-02,2016,119.0,beyond 12-month reporting window
NCT01265888,Study in Subjects With PAH and PH Secondary to IPF Using Inhaled GeNOsyl.,PHASE2,31.0,Inhaled Nitric Oxide; Inhaled Nitric Oxide; Inhaled Nitric Oxide,Geno LLC,2011-03,2016-09,no,no results found,,ClinicalTrials.gov results section; PubMed secondary-source-ID [si] linkage,2026-09-02,2016,129.0,beyond 12-month reporting window
NCT01725139,A Proof of Mechanism Study With GSK2126458 in Patients With Idiopathic Pulmonary Fibrosis (IPF),PHASE1,17.0,GSK2126458; Placebo,GlaxoSmithKline,2013-03-08,2016-07-12,no,publication likely (post-completion linked record; primary outcome unverified),27103349(2016),ClinicalTrials.gov results section; PubMed secondary-source-ID [si] linkage,2026-09-02,2016,122.0,beyond 12-month reporting window
NCT02058602,Inhalation Profiling of Idiopathic Pulmonary Fibrosis (IPF) Patients,PHASE1,25.0,Assessment of Idiopathic Pulmonary Fibrosis over a period of up to 6 months,GlaxoSmithKline,2013-12-03,2016-07-11,no,no results found,,ClinicalTrials.gov results section; PubMed secondary-source-ID [si] linkage,2026-09-02,2016,122.0,beyond 12-month reporting window
NCT02612051,First Time in Human (FTIH) Study of GSK3008348 in Healthy Volunteers and Idiopathic Pulmonary Fibrosis Patients,PHASE1,40.0,GSK3008348 Nebuliser solution; Placebo Nebuliser solution; GSK26346763: ([18F]-FBA-A20FMDV2) IV infusion,GlaxoSmithKline,2015-12-04,2016-06-02,no,no results found,,ClinicalTrials.gov results section; PubMed secondary-source-ID [si] linkage,2026-09-02,2016,123.0,beyond 12-month reporting window
NCT01462006,Double-blind Placebo-controlled Pilot Study of Sirolimus in Idiopathic Pulmonary Fibrosis (IPF),,32.0,sirolimus; Placebo,University of Virginia,2011-10,2016-03,no,publication likely (post-completion linked record; primary outcome unverified),36853800(2023),ClinicalTrials.gov results section; PubMed secondary-source-ID [si] linkage,2026-09-02,2016,129.0,beyond 12-month reporting window
NCT02412020,Treatment of Refractory Chronic Cough With PA101,PHASE2,52.0,PA101; Placebo,Patara Pharma,2015-02,2016-02,no,publication likely (post-completion linked record; primary outcome unverified),28923239(2017),ClinicalTrials.gov results section; PubMed secondary-source-ID [si] linkage,2026-09-02,2016,129.0,beyond 12-month reporting window
NCT02248064,Auto-titrating Oxygen in Chronic Respiratory Failure,,26.0,Auto-titrating oxygen system,Imperial College London,2014-07,2015-11,no,no results found,,ClinicalTrials.gov results section; PubMed secondary-source-ID [si] linkage,2026-09-02,2015,141.0,beyond 12-month reporting window
NCT02268981,Effects of an Oxymizer® During Daytime in Patients With Pulmonary Fibrosis (IPF),,18.0,Oxymizer® compared to CNC; Oxymizer® compared to CNC; Oxymizer® compared to CNC,Schön Klinik Berchtesgadener Land,2014-09,2015-09,no,no results found,,ClinicalTrials.gov results section; PubMed secondary-source-ID [si] linkage,2026-09-02,2015,141.0,beyond 12-month reporting window
NCT01817686,Study of Default Options in Advance Directives,,62.0,Comfort Default AD forms; Life Extension Default AD forms; Standard Default AD forms,Corporal Michael J. Crescenz VA Medical Center,2013-03,2015-06,no,no results found,,ClinicalTrials.gov results section; PubMed secondary-source-ID [si] linkage,2026-09-02,2015,141.0,beyond 12-month reporting window
NCT02048644,Effect of Fostair® on Biomarkers of Platelet Adhesion in Idiopathic Pulmonary Fibrosis,PHASE2,20.0,fostair; placebo,Hull University Teaching Hospitals NHS Trust,2014-03,2015-05,no,no results found,,ClinicalTrials.gov results section; PubMed secondary-source-ID [si] linkage,2026-09-02,2015,141.0,beyond 12-month reporting window
NCT01789996,The Six Minute Walk Test: Influence of Instruction on Results,,45.0,alternative six minute walk test; Standard six minute walk test,Inova Health Care Services,2010-06,2014-12,no,"no results found (only pre-completion linked record, e.g. design/protocol)",23975232(2013),ClinicalTrials.gov results section; PubMed secondary-source-ID [si] linkage,2026-09-02,2014,153.0,beyond 12-month reporting window
NCT01457261,IPF Drug Deposition Study,PHASE1,10.0,Salbutamol,Royal Brompton & Harefield NHS Foundation Trust,2012-04,2014-11,no,publication likely (post-completion linked record; primary outcome unverified),29409488(2018),ClinicalTrials.gov results section; PubMed secondary-source-ID [si] linkage,2026-09-02,2014,153.0,beyond 12-month reporting window
NCT02136992,Clinical Efficacy and Safety of Pirfenidone in Patients With Idiopathic Pulmonary Fibrosis,PHASE2,160.0,Pirfenidone; placebo,"Shanghai Pulmonary Hospital, Shanghai, China",2011-12,2013-12,no,no results found,,ClinicalTrials.gov results section; PubMed secondary-source-ID [si] linkage,2026-09-02,2013,165.0,beyond 12-month reporting window
NCT01529853,To Evaluate the Effect of Different Doses of SAR156597 Given to Patients With Idiopathic Pulmonary Fibrosis (IPF),PHASE1|PHASE2,24.0,SAR156597; Placebo (for SAR156597),Sanofi,2012-01,2013-10,no,no results found,,ClinicalTrials.gov results section; PubMed secondary-source-ID [si] linkage,2026-09-02,2013,165.0,beyond 12-month reporting window
NCT01362231,A Study to Evaluate the Safety and Efficacy of GS-6624 (Formerly AB0024) in Patients With Idiopathic Pulmonary Fibrosis,PHASE1,48.0,GS-6624,Gilead Sciences,2010-12,2012-12,no,no results found,,ClinicalTrials.gov results section; PubMed secondary-source-ID [si] linkage,2026-09-02,2012,177.0,beyond 12-month reporting window
NCT01199887,Trial Of IW001 in Patients With Idiopathic Pulmonary Fibrosis,PHASE1,30.0,IW001,ImmuneWorks,2010-09,2012-10,no,no results found,,ClinicalTrials.gov results section; PubMed secondary-source-ID [si] linkage,2026-09-02,2012,177.0,beyond 12-month reporting window
NCT00463983,Treatment of Idiopathic Pulmonary Fibrosis With Long Acting Octreotide,PHASE1|PHASE2,25.0,octreotide,"Institut National de la Santé Et de la Recherche Médicale, F",2006-10,2012-01,no,publication likely (post-completion linked record; primary outcome unverified),22379151(2012),ClinicalTrials.gov results section; PubMed secondary-source-ID [si] linkage,2026-09-02,2012,177.0,beyond 12-month reporting window
NCT00786201,A Study to Evaluate the Safety and Effectiveness of CNTO 888 Administered Intravenously (IV) in Participants With Idiopa,PHASE2,126.0,Placebo; CNTO 888 1 mg/kg; CNTO 888 5 mg/kg; CNTO 888 15 mg/kg,"Centocor, Inc.",2008-12,2012-01,no,publication likely (post-completion linked record; primary outcome unverified),26493793(2015),ClinicalTrials.gov results section; PubMed secondary-source-ID [si] linkage,2026-09-02,2012,177.0,beyond 12-month reporting window
NCT01637831,CPAP Therapy in Patients With Idiopathic Pulmonary Fibrosis and Sleep Apnea,,12.0,Continuous Positive Airway Pressure (CPAP),University of Crete,2010-03,2011-09,no,publication likely (post-completion linked record; primary outcome unverified),33108270(2021); 23386371(2013),ClinicalTrials.gov results section; PubMed secondary-source-ID [si] linkage,2026-09-02,2011,189.0,beyond 12-month reporting window
NCT00071461,Efficacy and Safety of Oral Bosentan in Patients With Idiopathic Pulmonary Fibrosis,PHASE2|PHASE3,158.0,bosentan; Placebo,Actelion,2003-08,2010-05,no,publication likely (post-completion linked record; primary outcome unverified),19679600(2010),ClinicalTrials.gov results section; PubMed secondary-source-ID [si] linkage,2026-09-02,2010,201.0,beyond 12-month reporting window
NCT00692796,Pulmonary Rehabilitation for Idiopathic Pulmonary Fibrosis,,60.0,Pulmonary rehabilitation,National Jewish Health,2008-04,2010-03,no,publication likely (post-completion linked record; primary outcome unverified),21333082(2011),ClinicalTrials.gov results section; PubMed secondary-source-ID [si] linkage,2026-09-02,2010,201.0,beyond 12-month reporting window
NCT00532233,"SD, IL-13 Production Rate in IPF",PHASE2,52.0,QAX576,Novartis Pharmaceuticals,2007-09,2009-06,no,no results found,,ClinicalTrials.gov results section; PubMed secondary-source-ID [si] linkage,2026-09-02,2009,213.0,beyond 12-month reporting window
NCT00125385,Study of GC1008 in Patients With Idiopathic Pulmonary Fibrosis (IPF),PHASE1,25.0,GC1008; GC1008; GC1008; GC1008; GC1008,"Genzyme, a Sanofi Company",2005-07,2008-09,no,publication likely (post-completion linked record; primary outcome unverified),33463535(2021),ClinicalTrials.gov results section; PubMed secondary-source-ID [si] linkage,2026-09-02,2008,225.0,beyond 12-month reporting window
NCT00131274,Gleevec Idiopathic Pulmonary Fibrosis (IPF) Study,PHASE2|PHASE3,120.0,Imatinib Mesylate (Gleevec),"Daniels, Craig E., M.D.",2003-04,2007-08,no,publication likely (post-completion linked record; primary outcome unverified),20007927(2010),ClinicalTrials.gov results section; PubMed secondary-source-ID [si] linkage,2026-09-02,2007,237.0,beyond 12-month reporting window
NCT00162760,Treatment of Idiopathic Pulmonary Fibrosis With Thalidomide,PHASE2,19.0,Thalidomide,Johns Hopkins University,2003-10,2007-07,no,no results found,,ClinicalTrials.gov results section; PubMed secondary-source-ID [si] linkage,2026-09-02,2007,237.0,beyond 12-month reporting window
NCT00352482,Sildenafil to Increase Exercise Capacity in Individuals With Idiopathic Pulmonary Fibrosis and Pulmonary Hypertension,PHASE2,20.0,Sildenafil (50 mg),"National Heart, Lung, and Blood Institute (NHLBI)",2004-11,2007-07,no,publication likely (post-completion linked record; primary outcome unverified),17356110(2007),ClinicalTrials.gov results section; PubMed secondary-source-ID [si] linkage,2026-09-02,2007,237.0,beyond 12-month reporting window
NCT00262405,Zileuton for the Treatment of Idiopathic Pulmonary Fibrosis,PHASE2,44.0,zileuton; azathioprine/prednisone,University of Michigan,2001-01,2007-05,no,no results found,,ClinicalTrials.gov results section; PubMed secondary-source-ID [si] linkage,2026-09-02,2007,237.0,beyond 12-month reporting window
NCT00109681,Inhaled Iloprost in Adults With Abnormal Pulmonary Pressure and Associated With Idiopathic Pulmonary Fibrosis,PHASE2,50.0,Iloprost Inhalation Solution (Ventavis),Actelion,2005-04,2006-10,no,no results found,,ClinicalTrials.gov results section; PubMed secondary-source-ID [si] linkage,2026-09-02,2006,249.0,beyond 12-month reporting window
NCT00189176,Safety Study of Tetrathiomolybdate in Patients With Idiopathic Pulmonary Fibrosis,PHASE1|PHASE2,23.0,Tetrathiomolybdate,University of Michigan,2003-03,2006-05,no,no results found,,ClinicalTrials.gov results section; PubMed secondary-source-ID [si] linkage,2026-09-02,2006,249.0,beyond 12-month reporting window
NCT00070590,Efficacy and Safety of Oral Bosentan in Pulmonary Fibrosis Associated With Scleroderma,PHASE2|PHASE3,132.0,Bosentan,Actelion,2003-07,2005-09,no,publication likely (post-completion linked record; primary outcome unverified),33765691(2021); 20506355(2010),ClinicalTrials.gov results section; PubMed secondary-source-ID [si] linkage,2026-09-02,2005,261.0,beyond 12-month reporting window
NCT00063869,Study Evaluating the Safety and Efficacy of Etanercept in Patients With Idiopathic Pulmonary Fibrosis,PHASE2,88.0,Etanercept,Wyeth is now a wholly owned subsidiary of Pfizer,,2005-03,no,publication likely (post-completion linked record; primary outcome unverified),18669816(2008),ClinicalTrials.gov results section; PubMed secondary-source-ID [si] linkage,2026-09-02,2005,261.0,beyond 12-month reporting window
NCT00052052,An Open-Label Study of the Safety and Efficacy of Subcutaneous Recombinant Interferon-Gamma 1b (IFN-Gamma 1b) in Patient,PHASE2,210.0,interferon-gamma 1b,InterMune,2002-09,2004-09,no,no results found,,ClinicalTrials.gov results section; PubMed secondary-source-ID [si] linkage,2026-09-02,2004,273.0,beyond 12-month reporting window
NCT00074698,Safety and Tolerability Study of FG-3019 in Participants With Idiopathic Pulmonary Fibrosis,PHASE1,21.0,FG-3019,Kyntra Bio,2003-12-08,2004-05,no,no results found,,ClinicalTrials.gov results section; PubMed secondary-source-ID [si] linkage,2026-09-02,2004,273.0,beyond 12-month reporting window
NCT00639496,Study of the Effects of High-dose N-acetylcysteine (NAC) in Idiopathic Pulmonary Fibrosis (IPF),PHASE3,184.0,n-acetylcysteine; placebo,Zambon SpA,2000-03,2003-07,no,publication likely (post-completion linked record; primary outcome unverified),19860915(2009),ClinicalTrials.gov results section; PubMed secondary-source-ID [si] linkage,2026-09-02,2003,285.0,beyond 12-month reporting window
NCT00047658,A Study of the Safety and Clinical Effects of Interferon Gamma-1b in Patients With Idiopathic Pulmonary Fibrosis (IPF),PHASE2,32.0,Interferon-gamma 1b,InterMune,2001-11,2003-05,no,no results found,,ClinicalTrials.gov results section; PubMed secondary-source-ID [si] linkage,2026-09-02,2003,285.0,beyond 12-month reporting window
NCT00047645,A Study of the Safety and Efficacy Interferon-Gamma 1b in Patients With Idiopathic Pulmonary Fibrosis (IPF),PHASE3,330.0,Interferon-gamma 1b,InterMune,2000-04,2002-12,no,publication likely (post-completion linked record; primary outcome unverified),38238788(2024); 28657784(2017),ClinicalTrials.gov results section; PubMed secondary-source-ID [si] linkage,2026-09-02,2002,297.0,beyond 12-month reporting window
