nct,title,phase,enroll,status,why,completion,n_primary,primary_titles,n_analyses,iv_match,record_state,sweep_outcome
NCT05185089,Efficacy and Safety Study of Orvepitant for Chronic Cough in Patients With Idiopathic Pulmonary Fibrosis,PHASE2,80,COMPLETED,,2024-06-05,1,Mean Change From Baseline in Weekly Average of the Daily Idiopathic Pulmonary Fibrosis Cou,30,orvepitant,orvepitant [Poorly studied/no IPF-specific human outcome evidence retrieved] pmid=nan posted=1,material correction - graded Failed (C26)
NCT02579603,"Safety, Tolerability and PK of Nintedanib in Combination With Pirfenidone in IPF",PHASE4,105,COMPLETED,,2017-01-03,1,Percentage of Patients With On-treatment Gastrointestinal (GI) AEs (SOC GI Disorders) From,0,pirfenidone; nintedanib,"pirfenidone [Works/two of three phase 3 trials positive on their own primary endpoint; graded on the FVC/progression dimensions only] pmid=24836312.0 posted=14 || nintedanib [Works/phase 3 randomised evidence, graded on its own endpoint only] pmid=24836310.0 posted=24",already graded on published evidence - no change
NCT03727802,"Safety, Tolerability, and Pharmacokinetic Study of TRK-250 for Patients With Idiopathic Pulmonary Fibrosis",PHASE1,34,COMPLETED,,2022-04-01,1,Incidence and Severity of Adverse Events,0,TRK-250,"TRK-250 [Uncertain/randomised human data on a non-clinical primary endpoint (safety, pharmacokinetic, deposition, feasibility or mechanistic); no clinical outcome signal] pmid=37738329.0 posted=1",already graded on published evidence - no change
NCT00105183,EZ-2053 in the Prophylaxis of Acute Pulmonary Allograft Rejection,PHASE3,223,COMPLETED,,2010-01,1,"Number of Participants With the Event Death, Graft Loss, Acute Rejection and/or Loss to Fo",0,EZ-2053,EZ-2053 [Poorly studied/no IPF-specific human outcome evidence retrieved] pmid=nan posted=2,out of IPF treatment scope - lung transplant management (C34)
NCT02550873,A Trial to Evaluate the Efficacy of PRM-151 in Subjects With Idiopathic Pulmonary Fibrosis (IPF),PHASE2,117,COMPLETED,,2017-05-02,1,Change From Baseline in Forced Vital Capacity (FVC) [% Predicted],19,zinpentraxin alfa,,already graded on published evidence - no change
NCT01371305,STX-100 in Patients With Idiopathic Pulmonary Fibrosis (IPF),PHASE2,41,COMPLETED,,2017-03-31,1,Number of Participants With Adverse Events (AEs),0,BG00011,BG00011 [Harm outweighs benefit/randomised evidence of excess harm in IPF] pmid=35771569.0 posted=2,already graded on published evidence - no change
NCT03142191,A Study to Evaluate the Efficacy and Safety of CC-90001 in Subjects With Idiopathic Pulmonary Fibrosis,PHASE2,138,TERMINATED,Business objectives have changed.,2021-12-24,1,Percentage Point Difference in % Predicted Forced Vital Capacity (FVC).,0,tanzisertib (CC-90001); tanzisertib (CC-930),tanzisertib (CC-90001) [Poorly studied/no IPF-specific human outcome evidence retrieved] pmid=nan posted=1,material correction - graded Uncertain (C28); publication located
NCT05041426,Letermovir for CMV Prevention After Lung Transplantation,PHASE2,15,COMPLETED,,2025-03-03,2,Occurrence of CMV Infection or Disease During Prophylaxis || Occurrence of CMV Infection or Disease in the 3 Months Following Completion of Prophylaxis,0,lung transplantation; valganciclovir; letermovir,"lung transplantation [Works/the only intervention with evidence of extended survival in IPF; graded on the survival dimension from registry data only] pmid=37625610.0 posted=0 || valganciclovir [Uncertain/randomised human data on a non-clinical primary endpoint (safety, pharmacokinetic, deposition, feasibility or mechanistic); no clinical outcome signal] pmid=33740394.0 posted=2 || letermovir [Poorly studied/no IPF-specific human outcome evidence retrieved] pmid=nan posted=1",out of IPF treatment scope - lung transplant management (C34)
NCT02036970,Bardoxolone Methyl Evaluation in Patients With Pulmonary Hypertension (PH) - LARIAT,PHASE2,166,COMPLETED,,2018-01-19,1,Change From Baseline Though Week 16 in 6-Minute Walk Distance (6MWD) for Bardoxolone Methy,2,bardoxolone methyl,bardoxolone methyl [Poorly studied/no IPF-specific human outcome evidence retrieved] pmid=nan posted=1,indirect - pulmonary hypertension population (C34)
NCT04429516,Morphine Sulfate/Placebo for the Treatment of PulmonAry Fibrosis Cough,PHASE3,44,COMPLETED,,2023-03-21,1,The Percent Change in Daytime Cough Frequency (Coughs Per Hour),0,morphine,"interferon alpha (oral) [Poorly studied/no IPF-specific human outcome evidence retrieved] pmid=nan posted=1 || jaktinib (oral) [Poorly studied/no IPF-specific human outcome evidence retrieved] pmid=nan posted=0 || morphine [Uncertain/positive 14-day crossover trial (n=44), cough dimension; durability untested] pmid=38237620.0 posted=1",already graded on published evidence - no change
NCT01136174,Safety and PK Study of BIBF 1120 in Japanese Patients With IPF,PHASE2,50,COMPLETED,,2011-03,1,Drug-related Adverse Events,0,nintedanib,,already graded on published evidence - no change
NCT02788474,Effect of Nintedanib on Biomarkers of Extracellular Matrix Turnover in Patients With Idiopathic Pulmonary Fibrosis and Limited Forced Vital Capacity I,PHASE4,347,COMPLETED,,2017-08-04,1,The Rate of Change (Slope) in Blood C-reactive Protein Degraded by Matrix Metalloproteinas,7,nintedanib,"nintedanib [Works/phase 3 randomised evidence, graded on its own endpoint only] pmid=24836310.0 posted=24",already graded on published evidence - no change
NCT04071769,Genentech Xenon MRI Idiopathic Pulmonary Fibrosis,PHASE2,34,COMPLETED,,2024-10-17,1,Efficiency of Gas Exchange as Measured by the Red Blood Cell (RBC):Barrier Ratio Following,7,,,"no landscape entity matched - observational, imaging or monitoring study"
NCT00650091,"Evaluating the Effectiveness of Prednisone, Azathioprine, and N-acetylcysteine in Patients With IPF",PHASE3,264,COMPLETED,,2013-10,1,Overall Change in Forced Vital Capacity,0,n-acetylcysteine; azathioprine,"n-acetylcysteine [Failed/monotherapy null in an adequately sized randomised arm (PANTHER-IPF NAC arm, n=264)] pmid=24836309.0 posted=2 || azathioprine [Poorly studied/no IPF-only monotherapy human evidence; appears only in combination or pooled sources] pmid=30566847.0 posted=0",already graded on published evidence - no change
NCT02502097,A Study of Gefapixant (AF-219/MK-7264) in Participants With Idiopathic Pulmonary Fibrosis (IPF) With Persistent Cough (MK-7264-016),PHASE2,51,COMPLETED,,2016-07-01,4,Mixed Model of Repeated Measures (MMRM) Change From Baseline in Awake Objective Cough Freq || Awake Objective Cough Frequency (Periods 1 & 2 Combined) || Change From Baseline of Awake Objective Cough Frequency (Periods 1 & 2 Combined) || Percent Change From Baseline of Awake Objective Cough Frequency (Periods 1 & 2 Combined),24,gefapixant,gefapixant [Poorly studied/no IPF-specific human outcome evidence retrieved] pmid=nan posted=2,material correction - graded Failed (C26); publication located
NCT02989168,Study to Evaluate the Effect of GBT440 Administered to Subjects With IPF on Supplemental Oxygen at Rest,PHASE2,14,TERMINATED,The study was terminated due to lack of clinically meaningful benefit,2017-10-23,1,Change in Oxygen Saturation at End of Treatment Period Compared to Baseline,0,voxelotor; oxygen,oxygen [Uncertain/acute improvement in exercise endurance and desaturation in small crossover trials; no evidence on progression or survival] pmid=32367694.0 posted=1,stopping reason classified as lack of efficacy; no outcome data posted (C34)
NCT01890265,Evaluate the Safety and Efficacy of FG-3019 (Pamrevlumab) in Participants With Idiopathic Pulmonary Fibrosis (IPF),PHASE2,160,COMPLETED,,2017-11-16,1,Change From Baseline in FVC (Percent of Predicted FVC Value [% Predicted]) to Week 48,4,pamrevlumab; pirfenidone; nintedanib,"pamrevlumab [Failed/phase 2 positive, adequately sized phase 3 null on the same endpoint; the phase 3 supersedes] pmid=38762797.0 posted=3 || pirfenidone [Works/two of three phase 3 trials positive on their own primary endpoint; graded on the FVC/progression dimensions only] pmid=24836312.0 posted=14 || nintedanib [Works/phase 3 randomised evidence, graded on its own endpoint only] pmid=24836310.0 posted=24",already graded on published evidence - no change
NCT02871401,A Pilot Trial of Herpesvirus Treatment in Idiopathic Pulmonary Fibrosis (IPF),PHASE1,31,COMPLETED,,2020-01-31,1,Proportion of Subjects Who Discontinue Study Drug Due to Adverse Events,0,valganciclovir,"valganciclovir [Uncertain/randomised human data on a non-clinical primary endpoint (safety, pharmacokinetic, deposition, feasibility or mechanistic); no clinical outcome signal] pmid=33740394.0 posted=2",already graded on published evidence - no change
NCT04030026,A Study of Nalbuphine (Extended Release) ER in Idiopathic Pulmonary Fibrosis (IPF) for Treatment of Cough,PHASE2,42,COMPLETED,,2022-05-27,9,Number of Participants Who Experienced at Least One Treatment Emergent Adverse Events (TEA || Number of Participants With Clinically Significant Abnormalities in Laboratory Parameters || Number of Participants With Clinically Significant Changes in Vital Sign Parameters || Number of Participants With Clinically Significant Changes in Physical Examination Paramet || Number of Participants With Clinically Significant Abnormalities in 12-Lead Electrocardiog || Change From Baseline in Forced Vital Capacity (FVC) at Day 21 || Subjective Opiate Withdrawal (SOWS) Total Raw Score || Daytime Cough Frequency at Baseline || Percent Change From Baseline in Daytime Cough Frequency at Day 22,16,NAL ER,"NAL ER [Works/cough frequency only (E9); replicated in two randomised trials of <=6 weeks; no lung-function, exacerbation or survival claim] pmid=41569557.0 posted=4",already graded on published evidence - no change
NCT02598193,Safety and Tolerability Study of Pirfenidone in Combination With Nintedanib in Participants With Idiopathic Pulmonary Fibrosis (IPF),PHASE4,89,COMPLETED,,2017-05-16,1,Percentage of Participants Who Complete 24 Weeks of Combination Treatment on Pirfenidone a,0,pirfenidone; nintedanib,"pirfenidone [Works/two of three phase 3 trials positive on their own primary endpoint; graded on the FVC/progression dimensions only] pmid=24836312.0 posted=14 || nintedanib [Works/phase 3 randomised evidence, graded on its own endpoint only] pmid=24836310.0 posted=24",already graded on published evidence - no change
NCT02738801,"Study to Assess Safety, Tolerability, Pharmacokinetic and Pharmacodynamic Properties of GLPG1690 in Subjects With Idiopathic Pulmonary Fibrosis (IPF)",PHASE2,23,COMPLETED,,2017-05-02,7,Number of Patients With Treatment-Emergent Adverse Events (AEs) || Mean Maximum Observed Plasma Concentration (Cmax; Micrograms Per Milliliter [µg/mL]) of GL || Median Time to Occurrence of GLPG1690 Cmax (Tmax; Hours [h]) || Mean Area Under the Plasma Concentration-Time Curve (AUC[t]; µg.h/mL) of GLPG1690 || Mean GLPG1690 Plasma Concentration Observed at Predose (Ctrough; µg/mL) || Mean Peak Area Ratio of Lysophosphatidic Acid (LPA) C18:2 Species in Blood || Mean Peak Area Ratio of LPA C18:2 Species in Bronchoalveolar Lavage Fluid (BALF),0,ziritaxestat,,already graded on published evidence - no change
NCT00517933,Sildenafil Trial of Exercise Performance in Idiopathic Pulmonary Fibrosis,PHASE3,180,COMPLETED,,2009-05,1,Change in 6-minute Walk Distance From Enrollment to Week 12 (≥ 20% Improvement),15,sildenafil,sildenafil [Failed/null in the overall IPF population and in an enriched pulmonary-hypertension-risk population; the right-heart-dysfunction subgroup hypothesis showed no treatment-by-subgroup heterogeneity when tested] pmid=32822614.0 posted=5,already graded on published evidence - no change
NCT05130970,"Garadacimab Safety, Pharmacokinetics, and Pharmacodynamics in Idiopathic Pulmonary Fibrosis",PHASE2,81,COMPLETED,,2024-01-02,8,Number of Participants With Treatment-emergent (TE) Serious Adverse Events (SAEs) || Percentage of Participants With TE SAEs || Number of Participants With TE Adverse Events of Special Interests (AESIs) || Percentage of Participants With TE-AESIs || Number of Participants With Garadacimab Induced Anti Drug Antibodies (ADAs) in Plasma || Percentage of Participants With Garadacimab Induced ADAs in Plasma || Number of Participants With TE Clinically Significant Abnormalities in Laboratory Assessme || Percentage of Participants With TE Clinically Significant Abnormalities in Laboratory Asse,0,garadacimab,garadacimab [Poorly studied/no IPF-specific human outcome evidence retrieved] pmid=nan posted=1,confirmation - non-clinical primary endpoint
NCT01979952,Nintedanib Twice Daily vs Placebo in Patients Diagnosed With Idiopathic Pulmonary Fibrosis (IPF),PHASE3,113,COMPLETED,,2016-10-27,1,Relative Change From Baseline in High Resolution Computerized Tomography (HRCT) Quantitati,7,nintedanib,"nintedanib [Works/phase 3 randomised evidence, graded on its own endpoint only] pmid=24836310.0 posted=24",already graded on published evidence - no change
NCT06717100,Study to Determine Potential for Drug-drug Interactions When Co-administering Deupirfenidone (LYT-100) and Nintedanib,PHASE1,24,COMPLETED,,2025-02-17,3,AUC of LYT-100 and Nintedanib || Tmax of LYT-100 and Nintedanib || Cmax of LYT-100 and Nintedanib,0,deupirfenidone; nintedanib,"deupirfenidone [Uncertain/single phase 2b trial positive on a 26-week FVC endpoint; no phase 3 result exists] pmid=42085224.0 posted=0 || nintedanib [Works/phase 3 randomised evidence, graded on its own endpoint only] pmid=24836310.0 posted=24",already graded on published evidence - no change
NCT02846324,Study to Evaluate the Safety and Tolerability of GBT440 Administered to Subjects With IPF,PHASE2,39,COMPLETED,,2017-09,1,Number of Participants With Treatment-related Adverse Events as Assessed by CTCAE v4.03,0,voxelotor,,stopping reason classified as lack of efficacy; no outcome data posted (C34)
NCT01442779,Clinical Trial of Low Dose Oral Interferon Alpha in Idiopathic Pulmonary Fibrosis,PHASE2,18,COMPLETED,,2007-05,2,Minimal/no Progression (1 yr) by High Resolution Computed Tomography (HRCT) & Pulmonary Fu || Minimal/no Change in Quality of Life,0,interferon alpha (oral); interferon alpha,interferon alpha (oral) [Poorly studied/no IPF-specific human outcome evidence retrieved] pmid=nan posted=1 || interferon alpha [Poorly studied/no IPF-specific human outcome evidence retrieved] pmid=nan posted=0 || jaktinib (oral) [Poorly studied/no IPF-specific human outcome evidence retrieved] pmid=nan posted=0,"confirmation - single-arm, no comparator"
NCT02036580,D2212C00002 J-Phase II Study,PHASE2,37,COMPLETED,,2015-11,1,Safety and Tolerability Primarily Assessed by the Number of Patients With Adverse Events,0,tralokinumab,tralokinumab [Uncertain/null result that size or phase cannot make decisive] pmid=28787186.0 posted=4,already graded on published evidence - no change
NCT01385644,A Study to Evaluate the Potential Role of Mesenchymal Stem Cells in the Treatment of Idiopathic Pulmonary Fibrosis,PHASE1,8,COMPLETED,,2013-05,1,Number of Participants Who Demonstrated Acute Adverse Events Following Infusion,0,mesenchymal stem cells,"mesenchymal stem cells [Uncertain/randomised human data on a non-clinical primary endpoint (safety, pharmacokinetic, deposition, feasibility or mechanistic); no clinical outcome signal] pmid=27890713.0 posted=1",already graded on published evidence - no change
NCT01417156,Safety and PK Study of BIBF 1120 in Japanese Patients With IPF: Follow up Study From 1199.31(NCT01136174),PHASE2,20,COMPLETED,,2015-10,1,Incidence of Overall Adverse Events,0,nintedanib,"nintedanib [Works/phase 3 randomised evidence, graded on its own endpoint only] pmid=24836310.0 posted=24",already graded on published evidence - no change
NCT00703339,Effects of Inhaled Treprostinil Sodium for the Treatment of Pulmonary Hypertension Associated With Idiopathic Pulmonary Fibrosis,PHASE2,1,TERMINATED,Lack of enrollment to the trial. Very difficult population to recruit.,2009-12,1,Safety and Tolerability of Inhaled Treprostinil Sodium in Patients With Pulmonary Hyperten,0,inhaled treprostinil,"beclometasone/formoterol (inhaled) [Poorly studied/no IPF-specific human outcome evidence retrieved] pmid=nan posted=0 || inhaled treprostinil [Works/phase 3 randomised evidence, graded on its own endpoint only] pmid=41812190.0 posted=2 || ARO-MMP7 (inhaled) [Poorly studied/no IPF-specific human outcome evidence retrieved] pmid=nan posted=1",indirect - ILD with pulmonary hypertension population (C34)
NCT02606877,A Study to Compare the Amount of Nintedanib and Pirfenidone in the Blood When Nintedanib and Pirfenidone Are Given Separately or in Combination,PHASE4,37,COMPLETED,,2017-03-22,4,"Treatment naïve, Area Under the Concentration-time Curve of the Nintedanib in Plasma Over  || Treatment naïve, Maximum Measured Concentration of Nintedanib in Plasma After Single Dose  || Pirfenidone-treated, Area Under the Concentration-time Curve of Pirfenidone in Plasma Over || Pirfenidone-treated, Maximum Measured Concentration of Pirfenidone in Plasma at Steady Sta",5,pirfenidone; nintedanib,"pirfenidone [Works/two of three phase 3 trials positive on their own primary endpoint; graded on the FVC/progression dimensions only] pmid=24836312.0 posted=14 || nintedanib [Works/phase 3 randomised evidence, graded on its own endpoint only] pmid=24836310.0 posted=24",already graded on published evidence - no change
NCT01766817,Safety and Efficacy of a Lysophosphatidic Acid Receptor Antagonist in Idiopathic Pulmonary Fibrosis,PHASE2,325,COMPLETED,,2016-02-29,1,Change From Baseline in Forced Vital Capacity (FVC) Rate to Week 26,0,BMS-986020,BMS-986020 [Uncertain/positive randomised signal below phase 3] pmid=30201408.0 posted=1,already graded on published evidence - no change
NCT00391443,BUILD 3: Bosentan Use in Interstitial Lung Disease,PHASE3,616,COMPLETED,,2010-02,1,Time to Occurrence of Disease Worsening or Death up to End of Study.,2,bosentan,"bosentan [Failed/two phase 3 randomised trials null on their own primary endpoints (BUILD-1, BUILD-3)] pmid=21474646.0 posted=2",already graded on published evidence - no change
NCT03503188,Digital Auscultation Test - IPF Data Collection,PHASE4,274,COMPLETED,,2019-01-03,1,Main Study - The Percentage of Collected Auscultation Points,0,,,"no landscape entity matched - observational, imaging or monitoring study"
NCT03733444,A Clinical Study to Test How Effective and Safe GLPG1690 is for Participants With Idiopathic Pulmonary Fibrosis (IPF) When Used Together With Standard,PHASE3,781,TERMINATED,The benefit-risk profile no longer supports continuing the study,2021-03-30,1,Annual Rate of Decline in Forced Vital Capacity (FVC) up to Week 52,26,ziritaxestat,,already graded on published evidence - no change
NCT00957242,AntiCoagulant Effectiveness in Idiopathic Pulmonary Fibrosis,PHASE3,145,TERMINATED,Excess of mortality in the treatment group created safety concerns.,2011-07,1,"Death, Non-bleeding/Non-elective Hospitalization, or >10% Drop in Forced Vital Capacity",12,warfarin,warfarin [Harm outweighs benefit/randomised evidence of excess harm in IPF] pmid=22561965.0 posted=1,already graded on published evidence - no change
NCT03832946,A Study to Test the Efficacy and Safety of Inhaled GB0139 in Subjects With Idiopathic Pulmonary Fibrosis (IPF),PHASE2,172,COMPLETED,,2023-05-17,1,Annual Rate of Decline in Forced Vital Capacity (FVC),0,GB0139,beclometasone/formoterol (inhaled) [Poorly studied/no IPF-specific human outcome evidence retrieved] pmid=nan posted=0 || ARO-MMP7 (inhaled) [Poorly studied/no IPF-specific human outcome evidence retrieved] pmid=nan posted=1 || GB0139 [Poorly studied/no IPF-specific human outcome evidence retrieved] pmid=nan posted=1,material correction - graded Failed (C24)
NCT01335464,Safety and Efficacy of BIBF 1120 at High Dose in Idiopathic Pulmonary Fibrosis Patients,PHASE3,515,COMPLETED,,2013-10,1,Annual Rate of Decline in Forced Vital Capacity (FVC) Over 52 Weeks,26,nintedanib,,already graded on published evidence - no change
NCT03725852,A Clinical Study to Test How Effective and Safe GLPG1205 is for Participants With Idiopathic Pulmonary Fibrosis (IPF),PHASE2,68,COMPLETED,,2020-07-21,1,Change From Baseline in Forced Vital Capacity (FVC) at Week 26,15,GLPG1205,GLPG1205 [Uncertain/null result that size or phase cannot make decisive] pmid=36328358.0 posted=1,already graded on published evidence - no change
NCT01214187,Study of Inhaled Carbon Monoxide to Treat Idiopathic Pulmonary Fibrosis,PHASE2,58,COMPLETED,,2014-10,1,Serum MMP7 Level,5,inhaled carbon monoxide; oxygen,beclometasone/formoterol (inhaled) [Poorly studied/no IPF-specific human outcome evidence retrieved] pmid=nan posted=0 || inhaled carbon monoxide [Uncertain/null result that size or phase cannot make decisive] pmid=29100885.0 posted=1 || ARO-MMP7 (inhaled) [Poorly studied/no IPF-specific human outcome evidence retrieved] pmid=nan posted=1 || oxygen [Uncertain/acute improvement in exercise endurance and desaturation in small crossover trials; no evidence on progression or survival] pmid=32367694.0 posted=1,already graded on published evidence - no change
NCT02951429,"Efficacy, Safety, and Tolerability Study of Pirfenidone in Combination With Sildenafil in Participants With Advanced Idiopathic Pulmonary Fibrosis (IP",PHASE2,177,COMPLETED,,2019-09-26,1,"Percentage of Participants With Disease Progression, as Determined by Relevant Decline in ",12,pirfenidone; sildenafil,pirfenidone [Works/two of three phase 3 trials positive on their own primary endpoint; graded on the FVC/progression dimensions only] pmid=24836312.0 posted=14 || sildenafil [Failed/null in the overall IPF population and in an enriched pulmonary-hypertension-risk population; the right-heart-dysfunction subgroup hypothesis showed no treatment-by-subgroup heterogeneity when tested] pmid=32822614.0 posted=5,already graded on published evidence - no change
NCT00768300,"(ARTEMIS-IPF) Randomized, Placebo-Controlled Study to Evaluate Safety and Effectiveness of Ambrisentan in IPF",PHASE3,494,TERMINATED,Lack of efficacy,2011-02,1,Time to Death or Disease (IPF) Progression.,5,ambrisentan,ambrisentan [Harm outweighs benefit/randomised evidence of excess harm in IPF] pmid=23648946.0 posted=2,already graded on published evidence - no change
NCT03865927,GKT137831 in IPF Patients With Idiopathic Pulmonary Fibrosis,PHASE2,58,COMPLETED,,2024-11-30,1,Surrogate Biomarker of Oxidative Stress by Mass Spectroscopy,0,setanaxib,interferon alpha (oral) [Poorly studied/no IPF-specific human outcome evidence retrieved] pmid=nan posted=1 || jaktinib (oral) [Poorly studied/no IPF-specific human outcome evidence retrieved] pmid=nan posted=0,confirmation - non-clinical primary endpoint
NCT00879229,ARTEMIS-PH - Study of Ambrisentan in Subjects With Pulmonary Hypertension Associated With Idiopathic Pulmonary Fibrosis,PHASE3,40,TERMINATED,,2011-02,1,Change From Baseline in Six-minute Walk Distance (6MWD).,1,ambrisentan,ambrisentan [Harm outweighs benefit/randomised evidence of excess harm in IPF] pmid=23648946.0 posted=2,already graded on published evidence - no change
NCT03261037,A Study to Characterize the Disease Behavior of Idiopathic Pulmonary Fibrosis (IPF) and Interstitial Lung Disease (ILD) During the Peri-Diagnostic Per,NA,178,COMPLETED,,2019-11-27,1,Time-Adjusted Semi-Annual Forced Vital Capacity (FVC) Decline in Participants With IPF Dur,0,,,"no landscape entity matched - observational, imaging or monitoring study"
NCT01759511,Long-Term Safety Study of GS-6624 in Adults With Idiopathic Pulmonary Fibrosis (IPF),PHASE2,34,TERMINATED,The Study was terminated due to lack of efficacy.,2016-02-19,1,Overall Safety Profile of Simtuzumab,0,simtuzumab,"simtuzumab [Failed/adequately sized randomised evidence, null] pmid=27939076.0 posted=2",already graded on published evidence - no change
NCT04419558,Zephyrus II: Efficacy and Safety Study of Pamrevlumab in Participants With Idiopathic Pulmonary Fibrosis (IPF),PHASE3,372,TERMINATED,Sponsor Decision,2023-09-04,1,DB Period: Change From Baseline in FVC at Week 48,1,pamrevlumab,"pamrevlumab [Failed/phase 2 positive, adequately sized phase 3 null on the same endpoint; the phase 3 supersedes] pmid=38762797.0 posted=3",already graded on published evidence - no change
NCT03538301,"JUNIPER: A Phase 2 Study to Evaluate the Safety, Biological Activity, and PK of ND-L02-s0201 in Subjects With IPF",PHASE2,123,COMPLETED,,2022-08-24,1,Number of Participants Discontinuing Study Treatment Due to TEAEs,42,ND-L02-s0201,ND-L02-s0201 [Poorly studied/no IPF-only monotherapy human evidence; appears only in combination or pooled sources] pmid=31332587.0 posted=2,already graded on published evidence - no change
NCT01335477,Safety and Efficacy of BIBF 1120 at High Dose in Idiopathic Pulmonary Fibrosis Patients II,PHASE3,551,COMPLETED,,2013-10,1,Annual Rate of Decline in Forced Vital Capacity (FVC) Over 52 Weeks.,26,nintedanib,,already graded on published evidence - no change
NCT05938920,Study Evaluating INS018_055 Administered Orally to Subjects With Idiopathic Pulmonary Fibrosis (IPF),PHASE2,71,COMPLETED,,2024-08-08,1,Percentage of Participants Who Had at Least 1 Treatment-emergent Adverse Event (TEAE),16,INS018_055,INS018_055 [Uncertain/phase 2a with a safety primary endpoint; the FVC signal is exploratory and dose-restricted] pmid=40461817.0 posted=1,already graded on published evidence - no change
NCT02503657,"Safety, Tolerability, and Efficacy of MN-001 (Tipelukast) in Patients With Idiopathic Pulmonary Fibrosis",PHASE2,15,COMPLETED,,2020-12-07,5,Absolute Change From Baseline in Forced Vital Capacity for 26 Weeks || Percent Change in Forced Vital Capacity From Baseline to Week 26 || Absolute Change From Baseline in Forced Vital Capacity (% Predicted) || Relative Change From Baseline in Percent Predicted Forced Vital Capacity From Baseline to  || Semiannual Rate of Decline of Disease Activity Based on Forced Vital Capacity,0,tipelukast,tipelukast [Poorly studied/no IPF-specific human outcome evidence retrieved] pmid=nan posted=1,material correction - graded Uncertain (C28)
NCT02802345,Efficacy and Safety of Nintedanib Co-administered With Sildenafil in Idiopathic Pulmonary Fibrosis Patients With Advanced Lung Function Impairment,PHASE3,274,COMPLETED,,2017-12-19,1,Change From Baseline in St George's Respiratory Questionnaire (SGRQ) Total Score at Week 1,6,nintedanib; sildenafil,"nintedanib [Works/phase 3 randomised evidence, graded on its own endpoint only] pmid=24836310.0 posted=24 || sildenafil [Failed/null in the overall IPF population and in an enriched pulmonary-hypertension-risk population; the right-heart-dysfunction subgroup hypothesis showed no treatment-by-subgroup heterogeneity when tested] pmid=32822614.0 posted=5",already graded on published evidence - no change
NCT03711162,A Clinical Study to Test How Effective and Safe GLPG1690 is for Subjects With Idiopathic Pulmonary Fibrosis (IPF) When Used Together With Standard of ,PHASE3,525,TERMINATED,The benefit-risk profile no longer supports continuing the study,2021-03-30,1,Annual Rate of Decline in FVC up to Week 52,26,ziritaxestat,,already graded on published evidence - no change
NCT00903331,Macitentan Use in an Idiopathic Pulmonary Fibrosis Clinical Study,PHASE2,178,COMPLETED,,2011-06,1,Forced Vital Capacity (FVC) at Baseline and End of Period 1,2,macitentan,macitentan [Uncertain/null result that size or phase cannot make decisive] pmid=23682110.0 posted=1,already graded on published evidence - no change
NCT01266317,"Combined PEX, Rituximab and Steroids in Acute Idiopathic Pulmonary Fibrosis Exacerbations","PHASE1,PHASE2",9,COMPLETED,,2015-07,1,Number of Participants With Respiratory and/or Hemodynamic Deteriorations,0,rituximab,rituximab [Poorly studied/no IPF-only monotherapy human evidence; appears only in combination or pooled sources] pmid=32777737.0 posted=1,material correction - graded Uncertain (C32)
NCT01254409,A Phase 1b Study of IV PRM151 in Patients With Idiopathic Pulmonary Fibrosis (IPF),PHASE1,21,COMPLETED,,2012-07-02,1,Safety and Tolerability,0,zinpentraxin alfa,,already graded on published evidence - no change
NCT01629667,"A Phase 2, Randomized Dose-ranging Study to Evaluate the Efficacy of Tralokinumab in Adults With Idiopathic Pulmonary Fibrosis",PHASE2,409,TERMINATED,Early termination of the study due to lack of efficacy.,2015-05,1,Change From Baseline in Percent-predicted Forced Vital Capacity (FVC) at Week 52,2,tralokinumab,tralokinumab [Uncertain/null result that size or phase cannot make decisive] pmid=28787186.0 posted=4,already graded on published evidence - no change
NCT05497284,To Assess the Efficacy of the Investigational Products Compared to Placebo in Participants With IPF,PHASE2,46,TERMINATED,Sponsor Decision,2024-08-26,1,Change From Baseline to End of Treatment Epoch in Forced Vital Capacity (FVC) Expressed in,1,LTP001,LTP001 [Poorly studied/no IPF-specific human outcome evidence retrieved] pmid=nan posted=1,material correction - graded Uncertain (C28)
NCT00359736,Sildenafil Study to Treat Idiopathic Pulmonary Fibrosis,PHASE2,29,COMPLETED,,2008-10,1,Change in 6-minute Walk Test,0,sildenafil,sildenafil [Failed/null in the overall IPF population and in an enriched pulmonary-hypertension-risk population; the right-heart-dysfunction subgroup hypothesis showed no treatment-by-subgroup heterogeneity when tested] pmid=32822614.0 posted=5,already graded on published evidence - no change
NCT02019641,The NIH Exercise Therapy for Advanced Lung Disease Trials: Response and Adaptation to Aerobic Exercise in Patients With Interstitial Lung Disease,NA,46,COMPLETED,,2020-04-02,1,Change in 6-minute Walk Test Distance (6MWD),0,education,education [Poorly studied/no IPF-only monotherapy human evidence; appears only in combination or pooled sources] pmid=39440394.0 posted=1,already graded on published evidence - no change
NCT04533022,"Safety, Efficacy and Pharmacokinetics of C21 in Subjects With IPF",PHASE2,52,COMPLETED,,2024-03-30,1,Number of Participants With Adverse Events Occurring Over the Trial Period,0,C21,,confirmation - non-clinical primary endpoint
NCT00879879,Losartan in Treating Patients With Idiopathic Pulmonary Fibrosis,NA,20,COMPLETED,,2012-03,1,Number of Participants With Stable or Improved Forced Vital Capacity (FVC) Response at 1 Y,0,losartan,losartan [Uncertain/non-randomised or indirect human evidence only] pmid=22810758.0 posted=2,already graded on published evidence - no change
NCT05954988,A Study to Evaluate LTI-03 in Newly Diagnosed Idiopathic Pulmonary Fibrosis (IPF) Patients,PHASE1,24,COMPLETED,,2024-09-25,1,Incidence of Treatment-emergent Adverse Events (TEAEs),0,LTI-03,"LTI-03 [Uncertain/randomised human data on a non-clinical primary endpoint (safety, pharmacokinetic, deposition, feasibility or mechanistic); no clinical outcome signal] pmid=42538332.0 posted=1",already graded on published evidence - no change
NCT05621252,Imaging Evaluation of PLN-74809 in Participants With IPF (PLN-74809),PHASE2,10,COMPLETED,,2023-12-27,1,Primary Outcome,0,bexotegrast,,already graded on published evidence - no change
NCT02345070,Efficacy and Safety of SAR156597 in the Treatment of Idiopathic Pulmonary Fibrosis,PHASE2,327,COMPLETED,,2017-05-22,1,Absolute Change From Baseline in Percent Predicted Forced Vital Capacity (FVC) at Week 52,2,SAR156597,"SAR156597 [Failed/adequately sized randomised evidence, null] pmid=30337444.0 posted=1",already graded on published evidence - no change
NCT03286556,Autoantibody Reduction for Acute Exacerbations of Idiopathic Pulmonary Fibrosis,PHASE2,82,COMPLETED,,2024-08-01,1,%Survival,0,autoantibody reductive therapy,autoantibody reductive therapy [Poorly studied/no IPF-specific human outcome evidence retrieved] pmid=nan posted=1,"material correction - Uncertain, held at verification (C27)"
NCT03928847,Fibroblast Specific Inhibition of LOXL2 and TGFbeta1 Signaling in Patients With Pulmonary Fibrosis.,EARLY_PHASE1,35,COMPLETED,,2019-05-31,6,EGCG PK Level in Healthy Volunteers || Change of Serum Biomarker COMP Before and After EGCG Treatment in ILD Patients || Change of Serum Biomarker Periostin Before and After EGCG Treatment in ILD Patients || Difference of Biomarker Snail1 Between EGCG-treated and Non-treated Patient Groups || Difference of Biomarker Collagen I Between EGCG-treated and Non-treated Patient Groups || Difference of Biomarker p-Smad3 Between EGCG-treated and Non-treated Patient Groups,6,egcg,egcg [Poorly studied/no IPF-only monotherapy human evidence; appears only in combination or pooled sources] pmid=38980870.0 posted=1,already graded on published evidence - no change
NCT04594707,A Study to Evaluate Long Term Safety and Efficacy of Recombinant Human Pentraxin-2 (rhPTX-2; PRM-151) in Participants With Idiopathic Pulmonary Fibros,PHASE3,117,TERMINATED,The study was terminated by Sponsor as the futility analysis outcome indicated that the study was unlikely to meet the predefined primary objective of the study. No new safety concerns were identified.,2023-02-10,3,Percentage of Participants With Adverse Events (AEs) || Percentage of Participants With Infusion Related Reactions (IRRs) and Other AEs of Special || Percentage of of Participants Permanently Discontinuing Study Treatment Due to AEs,0,zinpentraxin alfa,"zinpentraxin alfa [Failed/adequately sized randomised evidence, null] pmid=38354066.0 posted=4",already graded on published evidence - no change
NCT04308681,"A Study Measuring the Effectiveness, Safety, and Tolerability of BMS-986278 in Participants With Lung Fibrosis",PHASE2,403,COMPLETED,,2022-08-04,1,Change From Baseline in Percent Predicted Forced Vital Capacity (ppFVC) in IPF Participant,0,admilparant (BMS-986278),admilparant (BMS-986278) [Uncertain/phase 2: IPF cohort confidence interval includes zero; the significant result is in the separate PPF cohort] pmid=39393084.0 posted=1,already graded on published evidence - no change
NCT00287716,Three-Arm Study of the Safety and Efficacy of Pirfenidone in Patients With Idiopathic Pulmonary Fibrosis,PHASE3,435,COMPLETED,,2008-11-10,1,Absolute Change in Percent Predicted Forced Vital Capacity (FVC),2,pirfenidone,pirfenidone [Works/two of three phase 3 trials positive on their own primary endpoint; graded on the FVC/progression dimensions only] pmid=24836312.0 posted=14,already graded on published evidence - no change
NCT06097260,"Randomized, Double-blind Study of Efficacy and Safety of Bexotegrast (PLN-74809) for Idiopathic Pulmonary Fibrosis",PHASE2,320,TERMINATED,DSMB recommendation,2025-04-04,1,Change From Baseline in Forced Vital Capacity at Week 52,6,bexotegrast,bexotegrast [Harm outweighs benefit/adequately sized randomised phase 2b terminated on DSMB recommendation with excess disease progression and deaths on active treatment] pmid=nan posted=4,already graded on published evidence - no change
NCT05537025,Study of ARO-MMP7 Inhalation Solution in Healthy Participants and Participants With Idiopathic Pulmonary Fibrosis,"PHASE1,PHASE2",105,COMPLETED,,2025-09-05,1,Number of Participants With Treatment-Emergent Adverse Events (TEAEs),0,ARO-MMP7 (inhaled),ARO-MMP7 (inhaled) [Poorly studied/no IPF-specific human outcome evidence retrieved] pmid=nan posted=1,confirmation - non-clinical primary endpoint
NCT02707640,A Study to Assess the Safety and Tolerability of N-Acetylcysteine When Administered With Pirfenidone to Participants With Idiopathic Pulmonary Fibrosi,PHASE2,123,COMPLETED,,2015-02,7,Percentage of Participants With Dose Reductions || Percentage of Participants With Early Treatment Discontinuations || Percentage of Participants With Treatment-Emergent Adverse Events (TEAEs) || Percentage of Participants With Treatment-Emergent Serious Adverse Events (SAEs) || Percentage of Participants With Treatment-Emergent Adverse Events Resulting in Permanent D || Percentage of Participants With Treatment-Emergent Deaths of All Causes || Percentage of Participants With Treatment-Emergent Adverse Events That Led to Dose Reducti,0,n-acetylcysteine; pirfenidone,"n-acetylcysteine [Failed/monotherapy null in an adequately sized randomised arm (PANTHER-IPF NAC arm, n=264)] pmid=24836309.0 posted=2 || pirfenidone [Works/two of three phase 3 trials positive on their own primary endpoint; graded on the FVC/progression dimensions only] pmid=24836312.0 posted=14",already graded on published evidence - no change
NCT02138825,Efficacy and Safety of Riociguat in Patients With Symptomatic Pulmonary Hypertension (PH) Associated With Idiopathic Interstitial Pneumonias (IIP),PHASE2,147,TERMINATED,"Study terminated per recommendation of iDMC. On iDMC request, protocol amended to include 4-month safety follow-up for patients after withdrawal of riociguat.",2016-05-05,1,Mean Change in 6 Minute Walking Distance (6MWD) From Baseline to Week 26,2,riociguat,riociguat [Harm outweighs benefit/randomised evidence of excess harm in IPF] pmid=31416769.0 posted=1,already graded on published evidence - no change
NCT03422068,This Study Tests Different Doses of BI 1015550 in Patients With Idiopathic Pulmonary Fibrosis (IPF). The Study Tests How BI 1015550 is Taken up by the,PHASE1,15,COMPLETED,,2019-07-01,1,Percentage of Participants With Drug-related Adverse Events (AEs) On-treatment,0,nerandomilast,,already graded on published evidence - no change
NCT01969409,Autoantibody Reduction Therapy in Patients With Idiopathic Pulmonary Fibrosis,PHASE2,58,COMPLETED,,2019-01-31,1,Autoantibodies to Human Epidermoid (HEp)-2 Cells,0,rituximab,rituximab [Poorly studied/no IPF-only monotherapy human evidence; appears only in combination or pooled sources] pmid=32777737.0 posted=1,material correction - graded Uncertain (C32)
NCT01118221,Rehabilitation of Idiopathic Pulmonary Fibrosis (IPF) Patients,NA,25,COMPLETED,,2013-09,1,6 Minute Walk Distance,0,pulmonary rehabilitation / exercise training,"pulmonary rehabilitation / exercise training [Works/consistent improvement in exercise capacity and health-related quality of life across multiple small randomised trials; no effect claimed on lung-function decline, exacerbation or survival] pmid=33164264.0 posted=3",already graded on published evidence - no change
NCT04419506,A Study to Test How Taking BI 1015550 for 12 Weeks Affects Lung Function in People With Idiopathic Pulmonary Fibrosis (IPF),PHASE2,147,COMPLETED,,2021-10-06,1,The Change From Baseline in Forced Vital Capacity (FVC) at 12 Weeks,2,nerandomilast,,already graded on published evidence - no change
NCT01872689,A Study of Lebrikizumab in Participants With Idiopathic Pulmonary Fibrosis (IPF),PHASE2,505,COMPLETED,,2017-07-28,1,Annualized Rate of Decrease in Percent Predicted Forced Vital Capacity (FVC) Over 52 Weeks,20,lebrikizumab; pirfenidone,lebrikizumab [Poorly studied/no IPF-only monotherapy human evidence; appears only in combination or pooled sources] pmid=33008934.0 posted=1 || pirfenidone [Works/two of three phase 3 trials positive on their own primary endpoint; graded on the FVC/progression dimensions only] pmid=24836312.0 posted=14,already graded on published evidence - no change
NCT01619085,Extension Trial of the Long Term Safety of BIBF 1120 in Patients With Idiopathic Pulmonary Fibrosis,PHASE3,752,COMPLETED,,2017-07-05,1,Incidence of Adverse Events (AEs),0,nintedanib,"nintedanib [Works/phase 3 randomised evidence, graded on its own endpoint only] pmid=24836310.0 posted=24",already graded on published evidence - no change
NCT03573505,An Efficacy and Safety Study of BG00011 in Participants With Idiopathic Pulmonary Fibrosis,PHASE2,109,TERMINATED,Study was stopped because of safety concerns.,2019-11-14,1,Change From Baseline in Forced (Expiratory) Vital Capacity (FVC) at Week 52,1,BG00011,BG00011 [Harm outweighs benefit/randomised evidence of excess harm in IPF] pmid=35771569.0 posted=2,already graded on published evidence - no change
NCT03717012,Study of Pulmonary Rehabilitation in Patients With Idiopathic Pulmonary Fibrosis (IPF),PHASE4,19,TERMINATED,The trial was terminated prematurely due to difficulties with recruitment because of the COVID-19 pandemic.,2020-03-27,1,Change From Baseline in the 6 Minute Walk Test (6MWD) at 12 Weeks,0,pulmonary rehabilitation / exercise training; nintedanib,"pulmonary rehabilitation / exercise training [Works/consistent improvement in exercise capacity and health-related quality of life across multiple small randomised trials; no effect claimed on lung-function decline, exacerbation or survival] pmid=33164264.0 posted=3 || nintedanib [Works/phase 3 randomised evidence, graded on its own endpoint only] pmid=24836310.0 posted=24",already graded on published evidence - no change
NCT05964335,Cough Reduction in IPF With Nalbuphine ER,PHASE2,165,COMPLETED,,2025-04-24,1,Relative Change From Baseline in 24-hour Cough Frequency at Week 6,3,NAL ER,"NAL ER [Works/cough frequency only (E9); replicated in two randomised trials of <=6 weeks; no lung-function, exacerbation or survival claim] pmid=41569557.0 posted=4",already graded on published evidence - no change
NCT02759120,CleanUP IPF for the Pulmonary Trials Cooperative,PHASE3,513,TERMINATED,Terminated for futility after review of first planned interim analysis.,2020-03-16,1,"Number of Participants With First Non-elective, Respiratory Hospitalization or All-cause M",17,co-trimoxazole or doxycycline; co-trimoxazole; doxycycline,"co-trimoxazole or doxycycline [Failed/registry label for the CleanUP-IPF antimicrobial strategy; graded via that trial, not as a separate agent] pmid=33974018.0 posted=1 || co-trimoxazole [Failed/adequately powered randomised trial, null on the primary time-to-event composite] pmid=33289822.0 posted=0 || doxycycline [Poorly studied/no IPF-only monotherapy human evidence; appears only in combination or pooled sources] pmid=33974018.0 posted=0",already graded on published evidence - no change
NCT05513950,"A Study to Investigate the Safety, Tolerability, and Pharmacokinetics of Monoclonal Antibody (mAb) in Patients With IPF (SAD).",PHASE1,52,COMPLETED,,2024-06-17,1,1_Subjects With Adverse Event (AE); Non-Serious AEs and Serious AEs,0,CHF10067,CHF10067 [Poorly studied/no IPF-specific human outcome evidence retrieved] pmid=nan posted=3,confirmation - non-clinical primary endpoint
NCT03562247,Telenursing and Remote Monitoring in Idiopathic Pulmonary Fibrosis (IPF),NA,31,TERMINATED,Principal Investigator left the institution and the study was closed with the IRB,2020-05-26,1,The Number Hospitalization Events Resulting From a Respiratory Illness,0,telenursing and remote monitoring; telenursing,telenursing and remote monitoring [Poorly studied/no IPF-specific human outcome evidence retrieved] pmid=nan posted=1 || telenursing [Poorly studied/no IPF-specific human outcome evidence retrieved] pmid=nan posted=1,"confirmation - terminated, underpowered"
NCT02688647,"A 2-Part, Phase 2 Open-label and Crossover Study of Belumosudil for Treatment of Idiopathic Pulmonary Fibrosis",PHASE2,76,COMPLETED,,2021-04-13,6,Efficacy: Mean Changes in FVC From Baseline to Week 24 || Efficacy: Mean Changes in FVC% Predicted From Baseline at Week 24 || Safety: Percentages of Subjects With Non-serious TEAEs and Relationship to Study Treatment || Safety: Percentages of Subjects With SAEs Related to Study Treatment || Safety: Percentages of Subjects With TEAEs Leading to Discontinuation of Treatment With Be || Safety: Percentages of Subjects With Deaths Related to Study Treatment,14,belumosudil,belumosudil [Poorly studied/no IPF-specific human outcome evidence retrieved] pmid=nan posted=1,material correction - graded Uncertain (C28)
NCT05032066,"A Multicenter Trial to Evaluate the Efficacy, Safety and Tolerability of HZN-825 in Subjects With Idiopathic Pulmonary Fibrosis",PHASE2,153,TERMINATED,The trial was terminated due to not meeting primary or key secondary endpoints.,2024-07-22,2,Core Phase: Change in FVC % Predicted From Baseline to Week 52 || Extension Phase: Change in FVC % Predicted From OLE Baseline to Week 104,18,HZN-825,HZN-825 [Poorly studied/no IPF-specific human outcome evidence retrieved] pmid=nan posted=1,material correction - graded Failed (C25)
NCT00514683,Safety And Efficacy of BIBF 1120 in Idiopathic Pulmonary Fibrosis,PHASE2,432,COMPLETED,,2010-06,1,Rate of Decline in FVC,148,nintedanib,,already graded on published evidence - no change
NCT02477709,A Study to Assess the Tolerability of a Single Dose of Gefapixant (AF-219/MK-7264) in Subjects With Idiopathic Pulmonary Fibrosis (IPF),PHASE2,6,COMPLETED,,2015-08-07,1,Effect of Gefapixant on BP,0,gefapixant,gefapixant [Poorly studied/no IPF-specific human outcome evidence retrieved] pmid=nan posted=2,material correction - graded Failed (C26); publication located
NCT00631475,Open Label Extension Study in Patients With Idiopathic Pulmonary Fibrosis Who Completed Protocol AC-052-321/ BUILD 3 / NCT00391443,PHASE3,128,COMPLETED,,2010-04,1,Extent of Exposure to Bosentan in Patients With Idiopathic Pulmonary Fibrosis (IPF),0,bosentan,"bosentan [Failed/two phase 3 randomised trials null on their own primary endpoints (BUILD-1, BUILD-3)] pmid=21474646.0 posted=2",already graded on published evidence - no change
NCT05427253,"First-in-human Trial to Evaluate the Safety, Tolerability and Pharmacokinetics of C106 in Healthy Subjects",PHASE1,80,COMPLETED,,2023-06-22,5,"Total Number of Treatment Emergent Adverse Events (AEs) and Serious AEs (SAEs) || Number of Reported Clinically Significant Changes From Baseline in 12-lead Electrocardiogr || Number of Reported Clinically Significant Changes in Vital Signs || Number of Clinically Significant Changes in Laboratory Safety Variables (Haematology, Coag || Number of Reported Clinically Significant Changes in Physical Examinations.",0,C106,C106 [Poorly studied/no IPF-specific human outcome evidence retrieved] pmid=nan posted=1,confirmation - non-clinical primary endpoint
NCT04552899,A Study to Evaluate the Efficacy and Safety of Recombinant Human Pentraxin-2 (rhPTX-2; PRM-151) in Participants With Idiopathic Pulmonary Fibrosis,PHASE3,665,TERMINATED,The study was terminated by Sponsor as the futility analysis outcome indicated that the study was unlikely to meet the predefined primary objective of the study. No new safety concerns were identified.,2023-02-10,1,Absolute Change in Forced Vital Capacity (FVC [mL]),4,zinpentraxin alfa,"zinpentraxin alfa [Failed/adequately sized randomised evidence, null] pmid=38354066.0 posted=4",already graded on published evidence - no change
NCT02257177,RCT (Randomized Control Trial) of TD139 vs Placebo in HV's (Human Volunteers) and IPF Patients,"PHASE1,PHASE2",60,COMPLETED,,2016-12,1,Number of Participants With Adverse Events,0,inhaled TD139; GB0139,beclometasone/formoterol (inhaled) [Poorly studied/no IPF-specific human outcome evidence retrieved] pmid=nan posted=0 || ARO-MMP7 (inhaled) [Poorly studied/no IPF-specific human outcome evidence retrieved] pmid=nan posted=1 || inhaled TD139 [Poorly studied/no IPF-specific human outcome evidence retrieved] pmid=nan posted=1,material correction - graded Failed (C24)
NCT00287729,Safety and Efficacy of Pirfenidone in Patients With Idiopathic Pulmonary Fibrosis,PHASE3,344,COMPLETED,,2008-11,1,Absolute Change in Percent Predicted Forced Vital Capacity(FVC),0,pirfenidone,pirfenidone [Works/two of three phase 3 trials positive on their own primary endpoint; graded on the FVC/progression dimensions only] pmid=24836312.0 posted=14,already graded on published evidence - no change
NCT03208933,Open-label Study to Assess the Effectiveness of Pirfenidone in Participants With Idiopathic Pulmonary Fibrosis (IPF).,PHASE3,60,COMPLETED,,2019-11-13,2,Change From Baseline to Week 26 in Absolute Millilitre (mL) Forced Vital Capacity (FVC) || Change From Baseline to Week 26 in Percent (%) Predicted FVC,0,pirfenidone,pirfenidone [Works/two of three phase 3 trials positive on their own primary endpoint; graded on the FVC/progression dimensions only] pmid=24836312.0 posted=14,already graded on published evidence - no change
NCT04072315,Phase 2a Evaluation of PLN-74809 on αvβ6 Receptor Occupancy Using PET Imaging in Participants With IPF/,PHASE2,9,COMPLETED,,2022-06-27,1,Number of Participants With a Predicted Effect on αVβ6 PET ( Positron Emission Tomography),0,bexotegrast,,already graded on published evidence - no change
NCT06037408,The Effect of N115 on Coughing in IPF Patients,PHASE3,50,COMPLETED,,2024-05-16,1,Percent Change in Coughing Episodes Per Day From Baseline to Day 21.,2,sodium pyruvate (nasal),sodium pyruvate (nasal) [Poorly studied/no IPF-specific human outcome evidence retrieved] pmid=nan posted=1,"material correction - Uncertain, held at verification (C29)"
NCT03104322,Patient-reported Monitoring of Symptoms and Spirometry Via the patientMpower Platform in Idiopathic Pulmonary Fibrosis,NA,7,COMPLETED,,2018-03-09,1,Acceptability of patientMpower Platform From Patient & Healthcare Professional Perspective,0,patientmpower platform,patientmpower platform [Poorly studied/no IPF-specific human outcome evidence retrieved] pmid=nan posted=1,confirmation - acceptability endpoint
NCT03287414,"Study of Pharmacodynamics, Pharmacokinetics, Safety and Tolerability of VAY736 in Patients With Idiopathic Pulmonary Fibrosis",PHASE2,30,TERMINATED,Sponsor decision,2020-11-25,1,Change From Baseline to End of Treatment Epoch (48 Weeks of Treatment) in Forced Vital Cap,13,ianalumab (VAY736),ianalumab (VAY736) [Poorly studied/no IPF-specific human outcome evidence retrieved] pmid=nan posted=1,material correction - graded Uncertain (C28)
NCT01366209,Efficacy and Safety of Pirfenidone in Patients With Idiopathic Pulmonary Fibrosis (IPF),PHASE3,555,COMPLETED,,2014-02,1,Change in Percent Predicted Forced Vital Capacity (%FVC) From Baseline to Week 52,0,pirfenidone,pirfenidone [Works/two of three phase 3 trials positive on their own primary endpoint; graded on the FVC/progression dimensions only] pmid=24836312.0 posted=14,already graded on published evidence - no change
NCT05670587,A Study in People With Pulmonary Fibrosis to Monitor Cough With a Wearable Device,NA,53,COMPLETED,,2024-02-22,1,"Cough Count Per Hour (CC/hr) Measured Over a 24-hour Period at Baseline Visit, Week 4, Wee",3,,,"no landscape entity matched - observational, imaging or monitoring study"
NCT05321069,A Study to Find Out Whether BI 1015550 Improves Lung Function in People With Idiopathic Pulmonary Fibrosis (IPF),PHASE3,1177,COMPLETED,,2024-08-16,1,Absolute Change From Baseline in Forced Vital Capacity (FVC) [mL] at Week 52,24,nerandomilast,,already graded on published evidence - no change
NCT00600028,Treatment of Chronic Cough in Idiopathic Pulmonary Fibrosis With Thalidomide,PHASE3,25,COMPLETED,,2011-09,1,Efficacy of Thalidomide in Suppressing the Chronic Cough of Idiopathic Pulmonary Fibrosis ,2,thalidomide,"thalidomide [Uncertain/single 23-patient crossover trial, cough dimension only] pmid=22986377.0 posted=1",already graded on published evidence - no change
NCT00705133,Treprostinil Therapy For Patients With Interstitial Lung Disease And Severe Pulmonary Arterial Hypertension,PHASE2,15,COMPLETED,,2011-01,1,6 Minute Walk Distance,0,,,"no landscape entity matched - observational, imaging or monitoring study"
NCT03069989,Single Doses of GSK3008348 in Idiopathic Pulmonary Fibrosis (IPF) Participants Using Positron Emission Tomography (PET) Imaging,PHASE1,8,TERMINATED,Sufficient information was gathered from cohort 1 to terminate the study without proceeding to optional cohort 2.,2018-07-04,35,"Period 2: Volume of Distribution (VT) of [18F]-FBA-A20FMDV2 in the Whole Lung (Not Correct || Number of Participants With Adverse Events (AEs) and Serious Adverse Events (SAEs) || Period 1: Change From Baseline in Hematology Parameters: Basophils, Eosinophils, Lymphocyt || Period 2: Change From Baseline in Hematology Parameters: Basophils, Eosinophils, Lymphocyt || Period 1: Change From Baseline in Hematology Parameter: Hemoglobin || Period 2: Change From Baseline in Hematology Parameter: Hemoglobin || Period 1: Change From Baseline in Hematology Parameter: Hematocrit || Period 2: Change From Baseline in Hematology Parameter: Hematocrit || Period 1: Change From Baseline in Hematology Parameter: Mean Corpuscle Hemoglobin || Period 2: Change From Baseline in Hematology Parameter: Mean Corpuscle Hemoglobin || Period 1: Change From Baseline in Hematology Parameter: Mean Corpuscle Volume || Period 2: Change From Baseline in Hematology Parameter: Mean Corpuscle Volume || Period 1: Change From Baseline in Hematology Parameter: Red Blood Cell Count || Period 2: Change From Baseline in Hematology Parameter: Red Blood Cell Count || Period 1: Change From Baseline in Chemistry Parameters: Alkaline Phosphatase, Alanine Amin || Period 2: Change From Baseline in Chemistry Parameters: Alkaline Phosphatase, Alanine Amin || Period 1: Change From Baseline in Chemistry Parameters: Albumin and Total Protein || Period 2: Change From Baseline in Chemistry Parameters: Albumin and Total Protein || Period 1: Change From Baseline in Chemistry Parameters: Direct Bilirubin, Total Bilirubin  || Period 2: Change From Baseline in Chemistry Parameters: Direct Bilirubin, Total Bilirubin  || Period 1: Change From Baseline in Chemistry Parameters: Calcium, Glucose, Potassium, Sodiu || Period 2: Change From Baseline in Chemistry Parameters: Calcium, Glucose, Potassium, Sodiu || Period 1: Number of Participants With Abnormal Urinalysis Results by Dipstick || Period 2: Number of Participants With Abnormal Urinalysis Results by Dipstick || Period 1: Change From Baseline in Vital Signs: Diastolic Blood Pressure (DBP) and Systolic || Period 2: Change From Baseline in Vital Signs: DBP and SBP || Period 1: Change From Baseline in Vital Signs: Heart Rate || Period 2: Change From Baseline in Vital Signs: Heart Rate || Period 1: Change From Baseline in Vital Sign: Respiration Rate || Period 2: Change From Baseline in Vital Sign: Respiration Rate || Period 1: Change From Baseline in Vital Sign: Temperature || Period 2: Change From Baseline in Vital Sign: Temperature || Period 1: Number of Participants With Abnormal Findings for 12-lead Electrocardiograms (EC || Period 2: Number of Participants With Abnormal Findings for 12-lead ECG Parameters || Period 1: Change From Baseline in Forced Expiratory Volume in 1 Second (FEV1) and Forced V",0,GSK3008348,"GSK3008348 [Uncertain/randomised human data on a non-clinical primary endpoint (safety, pharmacokinetic, deposition, feasibility or mechanistic); no clinical outcome signal] pmid=32216814.0 posted=1",already graded on published evidence - no change
NCT03955146,Zephyrus I: Evaluation of Efficacy and Safety of Pamrevlumab in Participants With Idiopathic Pulmonary Fibrosis (IPF),PHASE3,393,TERMINATED,Study did not meet its primary endpoint.,2023-03-20,2,DB Period (Main Study Cohort): Change From Baseline in FVC at Week 48 || DB Period (Japan Extension Cohort): Change From Baseline in FVC at Week 48,1,pamrevlumab,"pamrevlumab [Failed/phase 2 positive, adequately sized phase 3 null on the same endpoint; the phase 3 supersedes] pmid=38762797.0 posted=3",already graded on published evidence - no change
NCT00981747,Targeting Vascular Reactivity in Idiopathic Pulmonary Fibrosis,"PHASE2,PHASE3",12,TERMINATED,Funding was withdrawn.,2016-12,1,Change in Six Minute Walk Distance in Meters,0,sildenafil and losartan; sildenafil; losartan,interferon alpha (oral) [Poorly studied/no IPF-specific human outcome evidence retrieved] pmid=nan posted=1 || sildenafil and losartan [Poorly studied/no IPF-specific human outcome evidence retrieved] pmid=nan posted=1 || jaktinib (oral) [Poorly studied/no IPF-specific human outcome evidence retrieved] pmid=nan posted=0 || sildenafil [Failed/null in the overall IPF population and in an enriched pulmonary-hypertension-risk population; the right-heart-dysfunction subgroup hypothesis showed no treatment-by-subgroup heterogeneity when tested] pmid=32822614.0 posted=5 || losartan [Uncertain/non-randomised or indirect human evidence only] pmid=22810758.0 posted=2,already graded on published evidence - no change
NCT03068091,Assessment of Lung Movement With Computed Tomography (CT),NA,25,COMPLETED,,2018-09-30,1,Lung Motion as Assessed by CT,0,,,"no landscape entity matched - observational, imaging or monitoring study"
NCT01170065,Roll Over Study From 1199.30 BIBF 1120 in Idiopathic Pulmonary Fibrosis (IPF),PHASE2,198,COMPLETED,,2016-09-26,1,Annual Rate of Decline in Forced Vital Capacity (FVC),0,nintedanib,,already graded on published evidence - no change
NCT00662038,Open-Label Study of the Long Term Safety of Pirfenidone in Patients With Idiopathic Pulmonary Fibrosis (IPF),PHASE3,1058,COMPLETED,,2016-02,1,Percentage of Participants With Adverse Events,0,pirfenidone,pirfenidone [Works/two of three phase 3 trials positive on their own primary endpoint; graded on the FVC/progression dimensions only] pmid=24836312.0 posted=14,already graded on published evidence - no change
NCT01769196,Study to Assess the Efficacy and Safety of Simtuzumab (GS-6624) in Adults With Idiopathic Pulmonary Fibrosis (IPF),PHASE2,544,TERMINATED,The Study was terminated due to lack of efficacy.,2016-02-23,3,Progression Free Survival || PFS Among the Participants With sLOXL2 ≥ 50th Percentile || PFS Among the Participants With sLOXL2 ≥ 75th Percentile,6,simtuzumab,"simtuzumab [Failed/adequately sized randomised evidence, null] pmid=27939076.0 posted=2",already graded on published evidence - no change
NCT04396756,Evaluation of Efficacy and Safety of PLN-74809 in Patients With Idiopathic Pulmonary Fibrosis,PHASE2,120,COMPLETED,,2023-02-01,6,"Part A - Number of Participants With Treatment-Emergent Adverse Events || Part B, C, D - Number of Participants With Treatment-Emergent Adverse Events || Part D - Number of Participants With Treatment-Emergent Adverse Events || Part A - Number of Participants With Serious Treatment-Emergent Adverse Events || Part B, C, D - Number of Participants With Serious Treatment-Emergent Adverse Events || Part D - Number of Participants With Serious Treatment-Emergent Adverse Events",0,bexotegrast,,already graded on published evidence - no change
NCT01982968,Treatment of IPF With Laparoscopic Anti-Reflux Surgery,NA,58,COMPLETED,,2017-11,1,Forced Vital Capacity (FVC),0,surgery,surgery [Poorly studied/no IPF-only monotherapy human evidence; appears only in combination or pooled sources] pmid=35486080.0 posted=1,already graded on published evidence - no change
NCT00080223,Safety Study of Oral Pirfenidone in Patients With Pulmonary Fibrosis/Idiopathic Pulmonary Fibrosis,PHASE2,83,COMPLETED,,2015-04-30,1,"Percentage of Participants With a Treatment-Emergent Adverse Event (AE), Serious AE (SAE),",0,pirfenidone,interferon alpha (oral) [Poorly studied/no IPF-specific human outcome evidence retrieved] pmid=nan posted=1 || jaktinib (oral) [Poorly studied/no IPF-specific human outcome evidence retrieved] pmid=nan posted=0 || pirfenidone [Works/two of three phase 3 trials positive on their own primary endpoint; graded on the FVC/progression dimensions only] pmid=24836312.0 posted=14,already graded on published evidence - no change
