map_id,section,statement,subject,outcome_dimension,evidence_tier,evidence_tier_sublabel,sources,maps_to_unmet_need,caveat,provenance,phase4_status,phase6_status
M1.1,S1 What works,Nintedanib slows the rate of FVC decline over 52 weeks in IPF. No effect on survival was demonstrated.,nintedanib,rate of FVC decline (E1),Probable,"replicated phase 3 randomised evidence, endpoint-specific (tier inherited from ipf_phase2_landscape.csv; Phase 3 does not re-tier)",PMID 24836310,"UN3, UN7","Graded on the named outcome dimension only. Slowing decline is not preservation, recovery, reversal or cure.",ipf_phase2_landscape.csv (verdict_class=Works),,
M1.2,S1 What works,"Pirfenidone reduces the proportion of patients reaching a >=10 percentage-point FVC decline or death at 52 weeks, and slows FVC decline. Two of three phase 3 trials met their primary endpoint.",pirfenidone,"prevention of categorical progression (E3), rate of FVC decline (E1)",Probable,"replicated phase 3 randomised evidence, endpoint-specific; one of three phase 3 trials was null (tier inherited from Phase 2)",PMID 24836312,"UN3, UN7","Graded on the named outcome dimension only. Slowing decline is not preservation, recovery, reversal or cure.",ipf_phase2_landscape.csv (verdict_class=Works),,
M1.3,S1 What works,"Nerandomilast slows FVC decline at 52 weeks in IPF. Its mortality and acute-exacerbation endpoints were not statistically significant, and its 2025 approval is a PPF-wide label rather than IPF-specific.",nerandomilast,rate of FVC decline (E1),Probable,Probable (single large phase 3 randomised trial; not independently replicated) (tier inherited from Phase 2),PMID 40387033,"UN3, UN6","Graded on the named outcome dimension only. Slowing decline is not preservation, recovery, reversal or cure.",ipf_phase2_landscape.csv (verdict_class=Works),,
M1.4,S1 What works,Inhaled treprostinil slows FVC decline at 52 weeks in IPF.,inhaled treprostinil,rate of FVC decline (E1),Probable,Probable (phase 3 randomised; regulatory status for IPF not established in retrieved evidence) (tier inherited from Phase 2),PMID 41812190,UN3,"Graded on the named outcome dimension only. Slowing decline is not preservation, recovery, reversal or cure.",ipf_phase2_landscape.csv (verdict_class=Works),,
M1.5,S1 What works,"Nalbuphine ER reduces objective cough frequency in IPF-associated cough over 3-6 weeks, replicated across two randomised trials.",NAL ER (nalbuphine ER),symptoms - cough (E9),Probable,"Probable (two randomised trials, both <=6 weeks, both sponsor-run; phase 3 ongoing; opioid-class adverse effects exceeded placebo) (tier inherited from Phase 2)",PMID 41569557,UN5,"Graded on the named outcome dimension only. Slowing decline is not preservation, recovery, reversal or cure.",ipf_phase2_landscape.csv (verdict_class=Works),,
M1.6,S1 What works,"Pulmonary rehabilitation and exercise training improve exercise capacity and health-related quality of life in the short term. Durability beyond about six months is not established and no effect on lung-function decline, exacerbation or survival is claimed. A 52-week randomised trial on background antifibrotic therapy splits on its two functional endpoints (6MWD null, endurance time favouring training), so gains beyond 12 months remain untested.",pulmonary rehabilitation / exercise training,"functional capacity (E5), HRQoL (E6)",Probable,"Probable (multiple concordant small randomised trials, short follow-up; part of the evidence base is ILD-wide rather than IPF-exclusive) (tier inherited from Phase 2)",PMID 33164264; PMID 37012071,"UN4, UN12","Graded on the named outcome dimension only. Slowing decline is not preservation, recovery, reversal or cure.",ipf_phase2_landscape.csv (verdict_class=Works),amended in Phase 4 (C12),
M1.7,S1 What works,Lung transplantation is the only intervention in this record with evidence of extended survival in IPF. The evidence is observational registry data and a randomised comparison is not feasible.,lung transplantation,survival (E11),Probable,Probable (observational registry evidence only; eligibility restricts it to a minority of patients) (tier inherited from Phase 2),PMID 37625610,UN3,"Graded on the named outcome dimension only. Slowing decline is not preservation, recovery, reversal or cure.",ipf_phase2_landscape.csv (verdict_class=Works),,
M2.1,S2 What does not work,Interferon gamma-1b did not improve progression-free survival in IPF in an adequately sized randomised trial; a later survival trial was also null.,interferon gamma-1b,progression-free survival (time to disease progression or death),Probable,randomised null result (tier inherited from Phase 2),PMID 14711911,"UN3, UN8",Adequately-tested-and-negative on the endpoint stated; this is not a statement about other dimensions or other populations.,ipf_phase2_landscape.csv (verdict_class=Failed); ipf_phase2_negative_results_register.csv,,
M2.2,S2 What does not work,Bosentan was null on its own primary endpoints in two phase 3 randomised trials in IPF.,bosentan,hospital-free survival and overall survival,Probable,replicated phase 3 randomised null result (tier inherited from Phase 2),PMID 21474646,"UN3, UN8",Adequately-tested-and-negative on the endpoint stated; this is not a statement about other dimensions or other populations.,ipf_phase2_landscape.csv (verdict_class=Failed); ipf_phase2_negative_results_register.csv,,
M2.3,S2 What does not work,Co-trimoxazole did not improve FVC in an adequately sized randomised trial in IPF.,co-trimoxazole,forced vital capacity (FVC),Probable,randomised null result (tier inherited from Phase 2),PMID 23143842; PMID 33289822,"UN3, UN8",Adequately-tested-and-negative on the endpoint stated; this is not a statement about other dimensions or other populations.,ipf_phase2_landscape.csv (verdict_class=Failed); ipf_phase2_negative_results_register.csv,key result updated in Phase 4 (C13),
M2.4,S2 What does not work,Adding co-trimoxazole or doxycycline to usual care did not improve time to non-elective respiratory hospitalisation or death (CleanUP-IPF); this registry label is the same evidence as the two agent rows.,co-trimoxazole or doxycycline,hospitalisation or death (composite; E10/E11),Established,"Established (one pragmatic randomised trial, primary endpoint null) (tier inherited from Phase 2)",PMID 33974018,"UN3, UN8",Adequately-tested-and-negative on the endpoint stated; this is not a statement about other dimensions or other populations.,ipf_phase2_landscape.csv (verdict_class=Failed); ipf_phase2_negative_results_register.csv,,
M2.5,S2 What does not work,N-acetylcysteine monotherapy was null on FVC change in an adequately sized randomised arm (PANTHER-IPF); post hoc genotype subgroup analyses remain an open question rather than a positive result.,n-acetylcysteine,"Change in forced vital capacity, percentage of predicted vital capacity, percentage of predicted carbon monoxide diffusi",Probable,randomised null result (tier inherited from Phase 2),PMID 24836309,"UN3, UN8",Adequately-tested-and-negative on the endpoint stated; this is not a statement about other dimensions or other populations.,ipf_phase2_landscape.csv (verdict_class=Failed); ipf_phase2_negative_results_register.csv,,
M2.6,S2 What does not work,Simtuzumab did not improve progression-free survival in IPF in an adequately sized randomised trial.,simtuzumab,progression-free survival (time to all-cause death or categorical decrease from baseline in FVC % predicted),Probable,randomised null result (tier inherited from Phase 2),PMID 27939076,"UN3, UN8",Adequately-tested-and-negative on the endpoint stated; this is not a statement about other dimensions or other populations.,ipf_phase2_landscape.csv (verdict_class=Failed); ipf_phase2_negative_results_register.csv,,
M2.7,S2 What does not work,SAR156597 (IL-4/IL-13 bispecific) was null on FVC in an adequately sized randomised trial in IPF.,SAR156597,absolute change from baseline in forced vital capacity (FVC) % predicted at 52 weeks,Probable,randomised null result (tier inherited from Phase 2),PMID 30337444,"UN3, UN8",Adequately-tested-and-negative on the endpoint stated; this is not a statement about other dimensions or other populations.,ipf_phase2_landscape.csv (verdict_class=Failed); ipf_phase2_negative_results_register.csv,,
M2.8,S2 What does not work,Zinpentraxin alfa (recombinant pentraxin-2) was null on 52-week FVC change in phase 3 after a positive phase 2 result.,zinpentraxin alfa,absolute change from baseline to Week 52 in FVC,Probable,randomised null result (tier inherited from Phase 2),PMID 38354066,"UN3, UN8",Adequately-tested-and-negative on the endpoint stated; this is not a statement about other dimensions or other populations.,ipf_phase2_landscape.csv (verdict_class=Failed); ipf_phase2_negative_results_register.csv,,
M2.9,S2 What does not work,Pamrevlumab was null on 52-week FVC change in an adequately sized phase 3 trial (ZEPHYRUS-1) after a positive phase 2 result on the same endpoint.,pamrevlumab,change from baseline in percentage of predicted forced vital capacity (FVC) at week 48,Probable,phase 3 randomised null result (tier inherited from Phase 2),PMID 38762797,"UN3, UN8",Adequately-tested-and-negative on the endpoint stated; this is not a statement about other dimensions or other populations.,ipf_phase2_landscape.csv (verdict_class=Failed); ipf_phase2_negative_results_register.csv,,
M2.10,S2 What does not work,"Ziritaxestat did not improve the annual rate of FVC decline in either of two phase 3 trials (ISABELA 1/2), which were terminated early on benefit-risk grounds.",ziritaxestat,rate of FVC decline (E1),Established,"Established (adequately powered phase 3 programme, negative) (tier inherited from Phase 2)",PMID 37159034,"UN3, UN8",Adequately-tested-and-negative on the endpoint stated; this is not a statement about other dimensions or other populations.,ipf_phase2_landscape.csv (verdict_class=Failed); ipf_phase2_negative_results_register.csv,,
M2.11,S2 What does not work,Thrombomodulin alfa did not improve day-90 survival after acute exacerbation of IPF; survival was numerically lower than placebo (72.5% vs 89.2%).,ART-123,survival after acute exacerbation (E10/E11),Probable,"Probable (one randomised placebo-controlled trial, small, stopped for futility) (tier inherited from Phase 2)",PMID 31917621,"UN3, UN8",Adequately-tested-and-negative on the endpoint stated; this is not a statement about other dimensions or other populations.,ipf_phase2_landscape.csv (verdict_class=Failed); ipf_phase2_negative_results_register.csv,,
M2.12,S2 What does not work,Prednisone + azathioprine + N-acetylcysteine caused excess death and hospitalisation in IPF and was withdrawn at interim analysis (PANTHER-IPF); it had been recommended practice before 2012.,triple therapy,mortality and hospitalisation (harm),Probable,randomised harm signal (tier inherited from Phase 2),PMID 22607134,UN3,Harm exceeded benefit; the corticosteroid row rests on observational data and is tiered Uncertain accordingly.,ipf_phase2_landscape.csv (verdict_class=Harm outweighs benefit); ipf_phase2_negative_results_register.csv,,
M2.13,S2 What does not work,"Warfarin anticoagulation increased death, hospitalisation and other events in IPF and the trial was stopped for harm.",warfarin,"composite outcome of time to death, hospitalization (nonbleeding, nonelective), or a 10% or greater absolute decline in ",Probable,randomised harm signal (tier inherited from Phase 2),PMID 22561965,UN3,Harm exceeded benefit; the corticosteroid row rests on observational data and is tiered Uncertain accordingly.,ipf_phase2_landscape.csv (verdict_class=Harm outweighs benefit); ipf_phase2_negative_results_register.csv,,
M2.14,S2 What does not work,Ambrisentan increased disease progression and respiratory hospitalisation in IPF and the trial was stopped early.,ambrisentan,"Time to disease progression (death, respiratory hospitalization, or categorical decrease in lung function)",Probable,randomised harm signal (tier inherited from Phase 2),PMID 23648946,UN3,Harm exceeded benefit; the corticosteroid row rests on observational data and is tiered Uncertain accordingly.,ipf_phase2_landscape.csv (verdict_class=Harm outweighs benefit); ipf_phase2_negative_results_register.csv,,
M2.15,S2 What does not work,Riociguat showed excess harm in IPF with suspected pulmonary hypertension and the trial was terminated.,riociguat,change in 6-min walking distance (6MWD),Probable,randomised harm signal (tier inherited from Phase 2),PMID 31416769,UN3,Harm exceeded benefit; the corticosteroid row rests on observational data and is tiered Uncertain accordingly.,ipf_phase2_landscape.csv (verdict_class=Harm outweighs benefit); ipf_phase2_negative_results_register.csv,,
M2.16,S2 What does not work,Carlumab (anti-CCL2) worsened the rate of FVC change in IPF and the trial was stopped.,carlumab,rate of percentage change in forced vital capacity (FVC),Probable,randomised harm signal (tier inherited from Phase 2),PMID 26493793,UN3,Harm exceeded benefit; the corticosteroid row rests on observational data and is tiered Uncertain accordingly.,ipf_phase2_landscape.csv (verdict_class=Harm outweighs benefit); ipf_phase2_negative_results_register.csv,,
M2.17,S2 What does not work,BG00011 (anti-alpha-v-beta-6) showed excess serious adverse events and worse outcomes in IPF and development stopped.,BG00011,FVC change from baseline,Probable,randomised harm signal (tier inherited from Phase 2),PMID 35771569,UN3,Harm exceeded benefit; the corticosteroid row rests on observational data and is tiered Uncertain accordingly.,ipf_phase2_landscape.csv (verdict_class=Harm outweighs benefit); ipf_phase2_negative_results_register.csv,,
M2.18,S2 What does not work,Cyclophosphamide added to glucocorticoids increased 3-month mortality in acute exacerbation of IPF (EXAFIP).,cyclophosphamide,3-month all-cause mortality,Probable,randomised harm signal (tier inherited from Phase 2),PMID 34506761,UN3,Harm exceeded benefit; the corticosteroid row rests on observational data and is tiered Uncertain accordingly.,ipf_phase2_landscape.csv (verdict_class=Harm outweighs benefit); ipf_phase2_negative_results_register.csv,,
M2.19,S2 What does not work,"Corticosteroid exposure is associated with excess mortality in IPF in pooled, predominantly observational data; no randomised monotherapy trial exists and confounding by indication cannot be excluded.",corticosteroid,overall mortality,Uncertain,pooled data predominantly observational; no randomised monotherapy trial retrieved (tier inherited from Phase 2),PMID 40277510,UN3,Harm exceeded benefit; the corticosteroid row rests on observational data and is tiered Uncertain accordingly.,ipf_phase2_landscape.csv (verdict_class=Harm outweighs benefit); ipf_phase2_negative_results_register.csv,,
M2.20,S2 What does not work,"48 development programmes in this record stopped before establishing a result. Their failure domain is the absence of an answer, not a negative answer: recruitment or operational failure (11), unknown reason (10), regulatory or commercial decision (9), safety or toxicity (7), stated futility (4) and trial design (3).",48 stopped programmes,not applicable - no result reached,Unknown,"Unknown (no result was established; classification is of the stated stopping reason, not of efficacy)",ipf_phase2_negative_results_register.csv,UN10,A programme that stopped without a result is not evidence of either efficacy or inefficacy. It must not be read as a positive signal.,ipf_phase2_negative_results_register.csv (failure_domain='development stopped before a result was established'),,
M3.1,S3 What is uncertain,"Eight investigational agents have a positive randomised signal in IPF that has not been tested at phase 3: AP01 (inhaled pirfenidone), BMS-986020, GSK3008348, LTI-03, TRK-250, bexotegrast, omipalisib and taladegib. Each rests on one small randomised trial.",AP01; BMS-986020; GSK3008348; LTI-03; TRK-250; bexotegrast; omipalisib; taladegib,mostly rate of FVC decline (E1) or biomarker endpoints,Uncertain,Uncertain (one small randomised trial each; below the size and duration at which IPF nulls become decisive) (tier inherited from Phase 2),PMID 36948586; PMID 30201408; PMID 32216814; PMID 42538332; PMID 37738329; PMID 38843105; PMID 30765508; PMID 41043447,"UN3, UN9",Uncertain means one direction is indicated but the evidence cannot carry the claim. It is not a weak positive.,ipf_phase2_landscape.csv (verdict_class=Uncertain),,
M3.2,S3 What is uncertain,"Deupirfenidone is positive on a 26-week FVC endpoint in one phase 2b trial (ELEVATE-IPF), including against an active pirfenidone arm; no phase 3 result exists.",deupirfenidone,rate of FVC decline (E1),Probable,"Probable (one randomised phase 2b trial, 26 weeks, Bayesian primary analysis) (tier inherited from Phase 2)",PMID 42085224,"UN3, UN7",Uncertain means one direction is indicated but the evidence cannot carry the claim. It is not a weak positive.,ipf_phase2_landscape.csv (verdict_class=Uncertain),,
M3.3,S3 What is uncertain,Admilparant's phase 2 IPF-cohort estimate has a confidence interval that includes zero; the statistically significant estimate comes from the separate progressive pulmonary fibrosis cohort of the same trial and is indirect evidence for IPF under scope limit L1.,admilparant (BMS-986278),rate of FVC decline (E1),Uncertain,Uncertain (IPF-cohort estimate not statistically significant; PPF-cohort result is indirect for IPF) (tier inherited from Phase 2),PMID 39393084,UN3,Uncertain means one direction is indicated but the evidence cannot carry the claim. It is not a weak positive.,ipf_phase2_landscape.csv (verdict_class=Uncertain),,
M3.4,S3 What is uncertain,Rentosertib (INS018_055) reported an exploratory FVC increase at its highest dose in a phase 2a trial whose primary endpoint was tolerability. The efficacy signal is not a tested hypothesis.,INS018_055,rate of FVC decline (E1) - exploratory,Hypothesis,"Hypothesis (primary endpoint was safety; efficacy exploratory, single dose group, n=18) (tier inherited from Phase 2)",PMID 40461817,UN3,Uncertain means one direction is indicated but the evidence cannot carry the claim. It is not a weak positive.,ipf_phase2_landscape.csv (verdict_class=Uncertain),,
M3.5,S3 What is uncertain,"Eight agents were null in IPF trials that were too small or too short for the null to be decisive: GLPG1205, azithromycin, cromolyn sodium (RVT-1601), etanercept, imatinib, inhaled carbon monoxide, macitentan and tralokinumab. These are unresolved, not refuted. Cromolyn sodium was removed from this statement in Phase 4: a phase 2b trial with a null primary cough endpoint exists (see M2.14).",GLPG1205; azithromycin; etanercept; imatinib; inhaled carbon monoxide; macitentan; tralokinumab,various; mostly FVC (E1) or progression composites,Uncertain,Uncertain (null but underpowered; distinguished from the Failed class by trial size and phase) (tier inherited from Phase 2),PMID 36328358; PMID 34015241; PMID 35050837; PMID 18669816; PMID 20007927; PMID 29100885; PMID 23682110; PMID 28787186,"UN3, UN9",Uncertain means one direction is indicated but the evidence cannot carry the claim. It is not a weak positive.,ipf_phase2_landscape.csv (verdict_class=Uncertain),amended in Phase 4 (C15),
M3.6,S3 What is uncertain,"Six repurposed approved drugs have IPF evidence that cannot carry a conclusion: omeprazole, salbutamol, sirolimus and valganciclovir have small positive randomised results; losartan has non-randomised evidence only; metformin has observational evidence that is null. Phase 4 correction: for salbutamol, sirolimus, valganciclovir and omipalisib the trial's primary endpoint was not a clinical outcome, and the omeprazole cough interval includes no effect while lung-function differences in the same trial favour placebo.",omeprazole; salbutamol; sirolimus; valganciclovir; losartan; metformin,various,Uncertain,Uncertain (small randomised or observational evidence; no adequately sized randomised test) (tier inherited from Phase 2),PMID 30610155; PMID 29409488; PMID 36853800; PMID 33740394; PMID 22810758; PMID 30025392,"UN3, UN11",Uncertain means one direction is indicated but the evidence cannot carry the claim. It is not a weak positive.,ipf_phase2_landscape.csv (verdict_class=Uncertain),"amended in Phase 4 (C16, C17)",
M3.7,S3 What is uncertain,"Cell therapies and blood-derived biologics in IPF rest on non-randomised or very small randomised human evidence: mesenchymal stem cells, RegenD001, IW001, PBI-4050 and intravenous immunoglobulin.",mesenchymal stem cells; RegenD001; IW001; PBI-4050; intravenous immunoglobulin,safety and FVC (E1),Uncertain,Uncertain (predominantly single-arm or open-label evidence; no controlled efficacy test) (tier inherited from Phase 2),PMID 27890713; PMID 40036154; PMID 25614165; PMID 30578394; PMID 42164489,UN3,Uncertain means one direction is indicated but the evidence cannot carry the claim. It is not a weak positive.,ipf_phase2_landscape.csv (verdict_class=Uncertain),,
M3.8,S3 What is uncertain,"Symptomatic and supportive interventions other than nalbuphine and rehabilitation are unresolved: low-dose morphine and thalidomide each rest on one very small short crossover trial in cough; supplemental oxygen shows acute exercise benefit without long-term IPF-specific evidence; palliative care, CPAP, neuromuscular electrical stimulation and inspiratory muscle training have small or indirect evidence.",morphine; thalidomide; oxygen; palliative care; continuous positive airway pressure; neuromuscular electrical stimulation; inspiratory muscle training,"symptoms (E8, E9), functional capacity (E5), HRQoL (E6)",Uncertain,"Uncertain (small, short, or ILD-wide rather than IPF-exclusive evidence) (tier inherited from Phase 2)",PMID 38237620; PMID 22986377; PMID 32367694; PMID 34003726; PMID 25028171; PMID 34083348; PMID 39129185,"UN4, UN5, UN12",Uncertain means one direction is indicated but the evidence cannot carry the claim. It is not a weak positive.,ipf_phase2_landscape.csv (verdict_class=Uncertain),,
M3.9,S3 What is uncertain,"Seven named traditional-medicine interventions have randomised IPF-only trials that pass the prespecified screen (Jinbei oral liquid, Kangxian Huanji Granule, Qizhukangxian granules, Feiwei granules, umbilical moxibustion, Pulmonary Daoyin, Baduanjin exercise), and pooled syntheses of Chinese herbal medicine report benefit. Every such row is capped at Uncertain because risk of bias was only assessable from abstracts, samples are small, follow-up is short, and Chinese-language databases were not searched. Feiwei granules is author-reported null.",Jinbei oral liquid (12-herb TCM compound); Kangxian Huanji Granule; Qizhukangxian granules; Feiwei granules; umbilical moxibustion; Pulmonary Daoyin (TCM rehabilitation programme); Baduanjin exercise; Chinese herbal medicine,"lung function, symptoms, exercise capacity - varies by trial",Uncertain,"Uncertain (capped by Phase 2 brief section 4.3; counts are a floor, not a complete accounting) (tier inherited from Phase 2)",PMID 39849152; PMID 37993378; PMID 32744035; PMID 28459237; PMID 30942008; PMID 33164264; PMID 41184899; PMID 37235494,UN12,Uncertain means one direction is indicated but the evidence cannot carry the claim. It is not a weak positive.,ipf_phase2_landscape.csv (verdict_class=Uncertain),,
M3.10,S3 What is uncertain,"Sildenafil is the one intervention in this record whose randomised IPF-only evidence points in two directions, with one positive and one null trial and no basis in the record for preferring either.",sildenafil,"exercise capacity, symptoms",Uncertain,Uncertain (conflicting: two credible randomised sources disagree; the record declines to pick),PMID 35452834,"UN3, UN11",Conflicting is distinct from Uncertain: two credible bodies of evidence point opposite ways.,ipf_phase2_landscape.csv (verdict_class=Conflicting); ipf_phase2_conflicts_register.csv X4,superseded in Phase 4 (C14) - see M2.13,
M3.11,S3 What is uncertain,"Every 'works' verdict for a disease-directed drug in this record rests on FVC or a categorical FVC-based composite. Whether a treatment-induced change in FVC decline translates into longer survival is unresolved, and the record forbids grading a lung-function result on the survival dimension.",FVC as a surrogate for mortality,see conflicts register,Uncertain,Uncertain (endpoint-level; carried unresolved from Phase 1),Phase 1 ceiling table; PMID 34217681; PMID 28232409,"UN3, UN8",Preserved as a disagreement; the record does not resolve it.,ipf_phase2_conflicts_register.csv X5,,
M3.12,S3 What is uncertain,"Whether corticosteroids increase mortality in IPF, and by how much, cannot be settled from the available evidence class: the excess-mortality signal comes from pooled predominantly observational data where confounding by indication cannot be excluded, and no randomised monotherapy trial exists.",corticosteroid monotherapy,see conflicts register,Uncertain,Uncertain (evidence-class disagreement; harm verdict retained at a lower tier),PMID 40277510; PMID 22607134,UN3,Preserved as a disagreement; the record does not resolve it.,ipf_phase2_conflicts_register.csv X6,,
M3.13,S3 What is uncertain,Whether a genotype- or telomere-defined subgroup responds differently to N-acetylcysteine is unresolved. The PANTHER monotherapy arm was null overall; the subgroup findings are post hoc and do not lift that verdict.,N-acetylcysteine subgroup hypothesis,see conflicts register,Hypothesis,Hypothesis (post hoc subgroup; overall randomised result null),PMID 24836309; PMID 30566847; NCT04300920,UN11,Preserved as a disagreement; the record does not resolve it.,ipf_phase2_conflicts_register.csv X7,,
M3.14,S3 What is uncertain,Whether co-trimoxazole has any effect in a treatment-adherent subgroup is unresolved: the trial's per-protocol analysis disagreed with its null intention-to-treat result.,co-trimoxazole,see conflicts register,Uncertain,Uncertain (per-protocol vs intention-to-treat disagreement within one trial),see key_result_pmid 23143842 and conflict_note,UN11,Preserved as a disagreement; the record does not resolve it.,ipf_phase2_conflicts_register.csv X1,,
M4.1,S4 What we know about the disease,"IPF is a progressive fibrosing interstitial pneumonia of unknown cause, defined by a usual interstitial pneumonia pattern.",disease definition,not applicable,Established,Established (current international guideline),"2022 ATS/ERS/JRS/ALAT guideline, PMID 35486072",UN8,Disease-level facts; they do not license any treatment claim.,IPF_phase1_disease_evidence_baseline.md; ipf_phase1_ceiling.csv,,
M4.2,S4 What we know about the disease,"Pooled global incidence is 5.8 per 100,000 (95% CI 4.8-6.8) and prevalence 17.7 per 100,000 (95% CI 14.0-21.5), with regional variation (North America 27.2, Europe 14.6, Asia 14.8).",epidemiology,not applicable,Established,Established (systematic review and meta-analysis of 23 incidence and 20 prevalence studies),PMID 40775309,UN9,Disease-level facts; they do not license any treatment claim.,IPF_phase1_disease_evidence_baseline.md; ipf_phase1_ceiling.csv,,
M4.3,S4 What we know about the disease,"Registry cumulative mortality is 5%, 24%, 37% and 44% at years 1-4, and GAP stage III carries a hazard ratio of 4.64 versus stage I.",natural history and prognosis,survival (E11),Established,Established (prospective national registry),"AIPFR, PMID 28232409","UN3, UN9",Disease-level facts; they do not license any treatment claim.,IPF_phase1_disease_evidence_baseline.md; ipf_phase1_ceiling.csv,,
M4.4,S4 What we know about the disease,"Trial populations are not the disease population: 1- and 2-year mortality in modern trial cohorts (6.6%, 13.7%) is far below registry mortality (5%, 24%), which is why mortality endpoints are hard to power and why the randomised evidence base is concentrated in mild-to-moderate physiologic impairment.",evidence-base composition,survival (E11),Established,Established (trial cohort vs registry comparison),PMID 24476390; PMID 28232409,"UN9, UN3",Disease-level facts; they do not license any treatment claim.,IPF_phase1_disease_evidence_baseline.md; ipf_phase1_ceiling.csv,,
M4.5,S4 What we know about the disease,The frequently quoted median survival of about four years predates antifibrotic therapy (1998 data) and must not be presented as current prognosis.,dating of prognostic figures,survival (E11),Established,Established (era-specific; flagged under scope limit L6),PMID 9713446,UN3,Disease-level facts; they do not license any treatment claim.,IPF_phase1_disease_evidence_baseline.md; ipf_phase1_ceiling.csv,,
M4.6,S4 What we know about the disease,Acute exacerbation occurs in 18.6% of patients over three years and carries about 29.5% in-hospital mortality; no intervention in this record prevents or treats it with adequately powered randomised evidence.,acute exacerbation,acute exacerbation (E10),Established,Established for the epidemiology; the treatment gap is a separate statement (UN6),PMID 39256473; PMID 35614114,UN6,Disease-level facts; they do not license any treatment claim.,IPF_phase1_disease_evidence_baseline.md; ipf_phase1_ceiling.csv,,
M4.7,S4 What we know about the disease,Comorbidity drives outcome: pulmonary hypertension carries a mortality hazard ratio of 2.0 and lung cancer 2.6.,comorbidity,survival (E11),Established,Established (multinational registry),"EMPIRE registry, PMID 30170904",UN9,Disease-level facts; they do not license any treatment claim.,IPF_phase1_disease_evidence_baseline.md; ipf_phase1_ceiling.csv,,
M4.8,S4 What we know about the disease,The best documented effect on the rate of FVC decline is a 130.1 mL 52-week between-group difference; the least-declining active arm in any IPF trial still declined (-21.5 mL over 26 weeks). No trial has documented recovery of lost lung function.,"therapeutic ceiling, lung function","rate of FVC decline (E1), recovery (E15)",Established,Established (phase 3 and phase 2b randomised trials; ceiling table),ipf_phase1_ceiling.csv,"UN1, UN7",Disease-level facts; they do not license any treatment claim.,IPF_phase1_disease_evidence_baseline.md; ipf_phase1_ceiling.csv,,
M4.9,S4 What we know about the disease,"Antifibrotic therapy is associated with a pooled acute-exacerbation risk ratio of 0.63 (95% CI 0.53-0.76, I2=0%), but the pooled sources are predominantly observational.",acute exacerbation under treatment,acute exacerbation (E10),Uncertain,Uncertain (meta-analysis of predominantly observational data),PMID 34217681,UN6,Disease-level facts; they do not license any treatment claim.,IPF_phase1_disease_evidence_baseline.md; ipf_phase1_ceiling.csv,,
M4.10,S4 What we know about the disease,Two interventions are conditionally recommended against for treating IPF by the current guideline: antacid medication and antireflux surgery.,guideline-negative interventions,disease course,Established,Established (2022 guideline conditional recommendations against),PMID 35486072,UN8,Disease-level facts; they do not license any treatment claim.,IPF_phase1_disease_evidence_baseline.md; ipf_phase1_ceiling.csv,,
M5.1,S5 What we do not know,No intervention has been shown to recover lost lung function in IPF.,recovery of lost function,recovery (E15),Unknown,Unknown (no human trial has demonstrated it; the best result is slower decline),ipf_phase1_ceiling.csv,UN1,"An absence of evidence is not evidence of promise. Rows M5.7-M5.10 are facts about the record's completeness, not about any intervention.",IPF_phase1_disease_evidence_baseline.md; Phase 2 registers; corrections_log.csv,,
M5.2,S5 What we do not know,"Reversal of established fibrosis has never been demonstrated in IPF, and no human trial endpoint in this record measures it.",reversal,reversal (E15),Unknown,Unknown (endpoint does not exist in the trial record; not merely unproven),ipf_phase1_ceiling.csv; ipf_phase1_endpoint_taxonomy.csv,UN2,"An absence of evidence is not evidence of promise. Rows M5.7-M5.10 are facts about the record's completeness, not about any intervention.",IPF_phase1_disease_evidence_baseline.md; Phase 2 registers; corrections_log.csv,,
M5.3,S5 What we do not know,"No drug has randomised evidence of prolonging survival in IPF. The only survival evidence in this record is observational, for lung transplantation.",survival,survival (E11),Unknown,Unknown (no randomised mortality benefit; mortality endpoints under-powered in trial populations),ipf_phase1_ceiling.csv; ipf_phase2_landscape.csv,UN3,"An absence of evidence is not evidence of promise. Rows M5.7-M5.10 are facts about the record's completeness, not about any intervention.",IPF_phase1_disease_evidence_baseline.md; Phase 2 registers; corrections_log.csv,,
M5.4,S5 What we do not know,Durability of antifibrotic effect beyond 52 weeks has never been established randomly; open-label extensions are not randomised comparisons.,durability,durability (E12),Unknown,Unknown (no randomised follow-up beyond 52 weeks),ipf_phase1_ceiling.csv,UN7,"An absence of evidence is not evidence of promise. Rows M5.7-M5.10 are facts about the record's completeness, not about any intervention.",IPF_phase1_disease_evidence_baseline.md; Phase 2 registers; corrections_log.csv,,
M5.5,S5 What we do not know,No validated predictive biomarker identifies which patient benefits from which treatment in IPF; treatment-response heterogeneity is unexplained.,predictive biomarkers,treatment-response heterogeneity,Unknown,Unknown (no validated predictive marker retrieved; existing subgroup findings are post hoc),ipf_phase2_conflicts_register.csv X7; ipf_phase1_unmet_needs.csv UN11,UN11,"An absence of evidence is not evidence of promise. Rows M5.7-M5.10 are facts about the record's completeness, not about any intervention.",IPF_phase1_disease_evidence_baseline.md; Phase 2 registers; corrections_log.csv,,
M5.6,S5 What we do not know,Whether slowing FVC decline changes survival is unknown. This unresolved surrogacy question sits underneath every positive verdict in the record.,endpoint surrogacy,rate of FVC decline (E1) vs survival (E11),Unknown,Unknown (carried from Phase 1 as an unresolved endpoint-level question; X5),ipf_phase2_conflicts_register.csv X5,UN8,"An absence of evidence is not evidence of promise. Rows M5.7-M5.10 are facts about the record's completeness, not about any intervention.",IPF_phase1_disease_evidence_baseline.md; Phase 2 registers; corrections_log.csv,,
M5.7,S5 What we do not know,"Results of a large fraction of completed IPF trials cannot be found: of 149 completed interventional trials, 110 have no retrievable results and 97 of those are beyond the 12-month reporting window. This is a gap in the record, not evidence about the interventions.",retrievability,not applicable,Established,Established as a fact about the record (systematic registry-to-literature check),ipf_phase1_retrievability_register.csv,UN10,"An absence of evidence is not evidence of promise. Rows M5.7-M5.10 are facts about the record's completeness, not about any intervention.",IPF_phase1_disease_evidence_baseline.md; Phase 2 registers; corrections_log.csv,,
M5.8,S5 What we do not know,"48 development programmes stopped before establishing a result, and for 10 of them no reason is stated anywhere in the retrieved record.",abandoned programmes,not applicable,Established,Established as a fact about the record,ipf_phase2_negative_results_register.csv,UN10,"An absence of evidence is not evidence of promise. Rows M5.7-M5.10 are facts about the record's completeness, not about any intervention.",IPF_phase1_disease_evidence_baseline.md; Phase 2 registers; corrections_log.csv,,
M5.9,S5 What we do not know,"The Phase 2 per-entity search under-retrieves for agents whose registry label is a code name or a two-drug string: six of seventeen phase-3-labelled entities initially graded 'Poorly studied' in fact had published primary reports (corrections entry C11). Phase 6 action A5 then swept ClinicalTrials.gov posted results across the whole landscape and found that 12 further entities did have IPF human outcome data (4 now Failed, 8 now Uncertain) and that 2 more were duplicate name strings, leaving 195 'Poorly studied' rows. That count remains an upper bound on genuine absence of evidence, not a count of it.",completeness of this record,not applicable,Established,"Established as a fact about the method, measured by the Phase 3 retrieval check",corrections_log.csv C11; ipf_phase3_retrieval_check.json,UN10,"An absence of evidence is not evidence of promise. Rows M5.7-M5.10 are facts about the record's completeness, not about any intervention.",IPF_phase1_disease_evidence_baseline.md; Phase 2 registers; corrections_log.csv,,amended in Phase 6 (C31) after the A5 registry-results sweep
M5.10,S5 What we do not know,"Chinese-language databases (CNKI, VIP, Wanfang, SinoMed) and Embase, CENTRAL, EU-CTR, jRCT and CTRI were not searched. Traditional-medicine and non-English evidence in this record is a floor, not a complete accounting.",database coverage,not applicable,Unknown,Unknown (prespecified coverage limitation; X8),ipf_phase2_search.json; ipf_phase2_conflicts_register.csv X8,UN12,"An absence of evidence is not evidence of promise. Rows M5.7-M5.10 are facts about the record's completeness, not about any intervention.",IPF_phase1_disease_evidence_baseline.md; Phase 2 registers; corrections_log.csv,,
M5.11,S5 What we do not know,"No adequately powered randomised evidence exists for preventing or treating acute exacerbation of IPF; the two randomised attempts in this record (thrombomodulin alfa, cyclophosphamide plus glucocorticoids) were null and harmful respectively.",acute exacerbation treatment,acute exacerbation (E10),Unknown,Unknown (no positive randomised result; both retrieved randomised attempts were negative),ipf_phase2_landscape.csv,UN6,"An absence of evidence is not evidence of promise. Rows M5.7-M5.10 are facts about the record's completeness, not about any intervention.",IPF_phase1_disease_evidence_baseline.md; Phase 2 registers; corrections_log.csv,,
M5.12,S5 What we do not know,"Non-pharmacological and supportive-care evidence is largely ILD-wide rather than IPF-exclusive, so what works specifically in IPF is partly unknown.",supportive care,"functional capacity (E5), HRQoL (E6)",Unknown,Unknown for IPF specifically (indirect evidence under scope limit L1),ipf_phase1_standard_of_care.csv; ipf_phase2_landscape.csv,UN12,"An absence of evidence is not evidence of promise. Rows M5.7-M5.10 are facts about the record's completeness, not about any intervention.",IPF_phase1_disease_evidence_baseline.md; Phase 2 registers; corrections_log.csv,,
M6.1,S6 What might be worth studying,"Interventions whose IPF trial stopped for recruitment, funding or operational reasons rather than for a result: azithromycin (recruitment targets not met), losartan (funding withdrawn), cromolyn sodium (recruitment and pandemic), continuous positive airway pressure (enrolment). The question these trials asked was never answered. Cromolyn sodium was removed in Phase 4 (a result exists; see M2.14). For azithromycin the recorded abandonment refers to a terminated combination-therapy trial, while the cough question has a randomised answer (PMID 34015241).",azithromycin; losartan; continuous positive airway pressure,varies,Uncertain,"Candidate question carried to Phase 4 screening; tier is that of the underlying evidence, not of the candidate","ipf_phase2_landscape.csv (abandoned_reason in recruitment_or_operational, regulatory_or_commercial)","UN3, UN10","These are candidate questions, not Research Leads. Phase 4 screens them against the lead bar; unretrieved or missing evidence is not itself a signal of promise.",Derived from S1-S5 of this map,"amended in Phase 4 (C15, C22)",
M6.2,S6 What might be worth studying,"Underpowered nulls never retested at adequate size: GLPG1205, etanercept, imatinib, inhaled carbon monoxide, macitentan. Whether these represent absence of effect or absence of power is unresolved.",GLPG1205; etanercept; imatinib; inhaled carbon monoxide; macitentan,varies,Uncertain,"Candidate question carried to Phase 4 screening; tier is that of the underlying evidence, not of the candidate",ipf_phase2_landscape.csv (verdict_sublabel='null result that size or phase cannot make decisive'),"UN3, UN9","These are candidate questions, not Research Leads. Phase 4 screens them against the lead bar; unretrieved or missing evidence is not itself a signal of promise.",Derived from S1-S5 of this map,,
M6.3,S6 What might be worth studying,"Whether an N-acetylcysteine benefit exists in a genotype- or telomere-defined subgroup is a pre-existing hypothesis with existing datasets (PANTHER-IPF, PRECISIONS/NCT04300920) that could answer it without a new trial.",n-acetylcysteine subgroup hypothesis,varies,Hypothesis,"Candidate question carried to Phase 4 screening; tier is that of the underlying evidence, not of the candidate",ipf_phase2_conflicts_register.csv X7; PMID 24836309; PMID 30566847; NCT04300920,UN11,"These are candidate questions, not Research Leads. Phase 4 screens them against the lead bar; unretrieved or missing evidence is not itself a signal of promise.",Derived from S1-S5 of this map,"held at verification in Phase 4 - the motivating post hoc analysis (PMID 26331942) is closed access and its full text could not be obtained, and the genotype-stratified phase 3 trial (NCT04300920) completed 2026-03-02 with no results posted; carried to Phase 6 as a retrieval action",
M6.4,S6 What might be worth studying,Whether the null co-trimoxazole result masks an adherence-dependent effect could be examined in the existing trial data (per-protocol vs intention-to-treat disagreement in EME-TIPAC; CleanUP-IPF individual data).,co-trimoxazole adherence question,varies,Uncertain,"Candidate question carried to Phase 4 screening; tier is that of the underlying evidence, not of the candidate",ipf_phase2_conflicts_register.csv X1; PMID 23143842; PMID 33974018,UN11,"These are candidate questions, not Research Leads. Phase 4 screens them against the lead bar; unretrieved or missing evidence is not itself a signal of promise.",Derived from S1-S5 of this map,downgraded in Phase 4 (C13) to a re-analysis action carried to Phase 6,
M6.5,S6 What might be worth studying,"The sildenafil disagreement is the record's only unresolved within-intervention conflict in randomised IPF-only evidence, and is a candidate for individual-participant re-analysis rather than a new trial. Phase 4 correction: this is no longer the record's unresolved conflict - three randomised trials are null in the overall population and the right-heart-dysfunction subgroup hypothesis showed no treatment-by-subgroup heterogeneity when tested (see M2.13).",sildenafil,varies,Uncertain,"Candidate question carried to Phase 4 screening; tier is that of the underlying evidence, not of the candidate",ipf_phase2_conflicts_register.csv X4,"UN3, UN11","These are candidate questions, not Research Leads. Phase 4 screens them against the lead bar; unretrieved or missing evidence is not itself a signal of promise.",Derived from S1-S5 of this map,resolved in Phase 4 (C14),
M6.6,S6 What might be worth studying,"Whether treatment-induced change in FVC decline predicts survival is answerable by trial-level or individual-participant meta-analysis of existing IPF trials, and would change how every positive verdict in this record should be read.",FVC-to-survival surrogacy,varies,Unknown,"Candidate question carried to Phase 4 screening; tier is that of the underlying evidence, not of the candidate",ipf_phase2_conflicts_register.csv X5,UN8,"These are candidate questions, not Research Leads. Phase 4 screens them against the lead bar; unretrieved or missing evidence is not itself a signal of promise.",Derived from S1-S5 of this map,,
M6.7,S6 What might be worth studying,"Retrieving the 110 completed IPF trials whose results are not retrievable, 97 of them past the reporting window, is the largest single addition available to this record. It is a retrieval task and carries no implication that the unretrieved results are positive.",110 unreported completed trials,varies,Established,"Established as a fact about the record's completeness, not about any intervention",ipf_phase1_retrievability_register.csv,UN10,"These are candidate questions, not Research Leads. Phase 4 screens them against the lead bar; unretrieved or missing evidence is not itself a signal of promise.",Derived from S1-S5 of this map,,
M6.8,S6 What might be worth studying,"For traditional-medicine interventions the smallest useful next step is closing the database gap (CNKI, VIP, Wanfang, SinoMed) and obtaining full texts for risk-of-bias assessment, before any question of efficacy is entertained.",traditional-medicine evidence base,varies,Uncertain,"Candidate question carried to Phase 4 screening; tier is that of the underlying evidence, not of the candidate",ipf_phase2_traditional_medicine_screen.csv; ipf_phase2_conflicts_register.csv X8,UN12,"These are candidate questions, not Research Leads. Phase 4 screens them against the lead bar; unretrieved or missing evidence is not itself a signal of promise.",Derived from S1-S5 of this map,"Phase 4 verified two of the six traditional-medicine trials against full text (C20, C21); one is closed access. The database gap is unchanged.",
M6.9,S6 What might be worth studying,Whether the short-term functional and quality-of-life gains from rehabilitation persist beyond about six months is unresolved and is a question about an intervention already in standard use.,pulmonary rehabilitation durability,varies,Uncertain,"Candidate question carried to Phase 4 screening; tier is that of the underlying evidence, not of the candidate",ipf_phase2_landscape.csv; ipf_phase1_standard_of_care.csv,"UN4, UN12","These are candidate questions, not Research Leads. Phase 4 screens them against the lead bar; unretrieved or missing evidence is not itself a signal of promise.",Derived from S1-S5 of this map,answered in Phase 4 (C12) - a 52-week randomised trial exists; the untested horizon is now beyond 12 months,
M6.10,S6 What might be worth studying,"The magnitude of corticosteroid-associated mortality in IPF, and whether it survives adjustment for confounding by indication, is examinable in existing registry cohorts.",corticosteroid harm magnitude,varies,Uncertain,"Candidate question carried to Phase 4 screening; tier is that of the underlying evidence, not of the candidate",ipf_phase2_conflicts_register.csv X6; PMID 40277510,UN3,"These are candidate questions, not Research Leads. Phase 4 screens them against the lead bar; unretrieved or missing evidence is not itself a signal of promise.",Derived from S1-S5 of this map,,
M6.11,S6 What might be worth studying,"Of the small randomised programmes previously listed here as positive signals without adequately sized follow-up, only BMS-986020 has a positive result on a clinical endpoint (FVC), and that programme stopped for drug-related toxicity while a successor molecule in the same pathway is now in phase 3. For GSK3008348, omipalisib, TRK-250, salbutamol, sirolimus, valganciclovir the primary endpoint was safety, pharmacokinetic, deposition or mechanistic, so no clinical signal exists to follow up. For omeprazole the cough interval includes no effect and the same trial shows lung-function decrements favouring placebo. Bexotegrast was removed from this statement in Phase 4: its phase 2b trial was terminated for excess disease progression and deaths (see M2.15).",BMS-986020; GSK3008348; omipalisib; TRK-250; salbutamol; omeprazole; sirolimus; valganciclovir,varies,Uncertain,"Candidate question carried to Phase 4 screening; tier is that of the underlying evidence, not of the candidate",ipf_phase2_landscape.csv (positive randomised signal below phase 3),UN3,"These are candidate questions, not Research Leads. Phase 4 screens them against the lead bar; unretrieved or missing evidence is not itself a signal of promise.",Derived from S1-S5 of this map,"corrected in Phase 4 (C16, C17, C18), C23",unchanged in Phase 6; the A5 sweep added no positive signal to this row
M6.12,S6 What might be worth studying,"No intervention in this record targets recovery of lost lung function or reversal of established fibrosis, and no trial endpoint measures them. Whether such an endpoint can be defined and measured is a prior question to any therapeutic candidate.",recovery and reversal endpoints,varies,Unknown,"Candidate question carried to Phase 4 screening; tier is that of the underlying evidence, not of the candidate",ipf_phase1_endpoint_taxonomy.csv; ipf_phase1_ceiling.csv,"UN1, UN2","These are candidate questions, not Research Leads. Phase 4 screens them against the lead bar; unretrieved or missing evidence is not itself a signal of promise.",Derived from S1-S5 of this map,,
M2.13,S2 What does not work,"Sildenafil does not improve the primary endpoint in the overall IPF population in three randomised trials, including one adding it to pirfenidone in advanced IPF at risk of group 3 pulmonary hypertension. The right-heart-dysfunction subgroup hypothesis derived from exploratory analyses of an earlier trial showed no treatment-by-subgroup heterogeneity when tested in a prespecified analysis.",sildenafil,E2 disease progression / lung function; E5 symptoms and quality of life,Probable,"three randomised trials plus one prespecified subgroup analysis, consistent null",PMID 32822614; PMID 31365829; PMID 20460437,,,,added in Phase 4 (C14),
M2.14,S2 What does not work,"Inhaled cromolyn sodium did not reduce chronic cough in IPF in a phase 2b dose-ranging trial, superseding an earlier smaller positive phase 2a trial of the same formulation.",cromolyn sodium (RVT-1601),E5 symptoms and quality of life,Probable,one phase 2b randomised trial superseding an earlier positive phase 2a trial,PMID 35050837; PMID 28923239,,,,added in Phase 4 (C15),
M2.15,S2 What does not work,"Bexotegrast is harmful in IPF on the evidence available: an adequately sized randomised phase 2b trial was terminated on DSMB recommendation with more disease-progression events and more deaths on active treatment than on placebo, in both dose arms and in a dose-ordered pattern. In BEACON-IPF (NCT06097260, n=319 randomised), terminated on DSMB recommendation, registry-posted results show more disease-progression events on bexotegrast than placebo: 5 of 106 (placebo), 16 of 105 (160 mg) and 25 of 108 (320 mg); Cox hazard ratios versus placebo 3.31 (95% CI 1.21-9.05, p=0.0194) and 5.36 (95% CI 2.05-13.99, p=0.0006). A >=10% absolute FVC decline was also more frequent (odds ratio 3.33, 95% CI 1.03-10.81, p=0.0449 for 160 mg; 3.01, 95% CI 0.91-9.91, p=0.07 for 320 mg). Deaths: 0 of 106, 6 of 105 and 4 of 108; serious adverse events 6, 17 and 21. The week-52 FVC primary endpoint is uninformative because only 1, 1 and 2 participants reached week 52 after early termination.",bexotegrast (PLN-74809),E2 disease progression / lung function; E7 survival; E4 safety,Probable,"one adequately sized randomised trial, registry-posted results, terminated early; no peer-reviewed publication of these results identified","ClinicalTrials.gov NCT06097260 results section (posted 2026-08-05, retrieved 2026-09-03)",,,,added in Phase 4 (C23),
M2.16,S2 What does not work,"Inhaled GB0139 does not slow lung-function decline in IPF. In GALACTIC-1 (NCT03832946, n=172, quadruple-masked, 52 weeks) the annual rate of FVC decline was -316.60 mL/year (95% CI -394.86 to -238.35) on GB0139 3 mg versus -127.41 mL/year (95% CI -221.12 to -33.71) on placebo, with more respiratory hospitalisations (17 of 102 versus 5 of 70) and worse SGRQ change. No between-arm test is posted and the trial is unpublished, so the apparent harm direction is recorded but not graded as harm.","GB0139 (TD139), inhaled galectin-3 inhibitor",E2 disease progression / lung function,Probable,"one adequately sized randomised trial, registry-posted only",NCT03832946; 33214209,slowing progression,"Registry posting is the only source; no publication, no statistical comparison, and high attrition in both arms. Conflicts register X12.",Phase 6 action A5 registry-results sweep,,added in Phase 6 (C24)
M2.17,S2 What does not work,"HZN-825 does not slow lung-function decline in IPF. In NCT05032066 (n=153, triple-masked, 52 weeks) the change in FVC % predicted differed from placebo by -1.13 (95% CI -3.56 to 1.29, p=0.4388) at 300 mg once daily and -0.39 (95% CI -2.86 to 2.09, p=0.7959) at 300 mg twice daily; the sponsor terminated the trial for not meeting primary or key secondary endpoints.","HZN-825 (fipaxalparant), oral LPA1 antagonist",E2 disease progression / lung function,Probable,"one adequately sized randomised trial, registry-posted only",NCT05032066,slowing progression,"Unpublished. Secondary endpoints are internally discordant (worse composite progression on the twice-daily arm, fewer >=10% FVC decliners) - conflicts register X11.",Phase 6 action A5 registry-results sweep,,added in Phase 6 (C25)
M2.18,S2 What does not work,"Two further neurokinin- and P2X3-directed antitussives do not reduce IPF cough on their trials' primary endpoints. Orvepitant (NCT05185089, n=80 crossover) differed from placebo by 0.00 (95% CI -0.62 to 0.63, p=0.989) at 10 mg and -0.58 (95% CI -1.16 to 0.01, p=0.054) at 30 mg on daily cough severity. Gefapixant (NCT02502097, published PMID 34152585) showed no significant reduction in awake objective cough frequency at day 14 (p=0.90).",orvepitant; gefapixant,E9 cough / symptom burden,Probable,"two randomised crossover trials, one published and one registry-posted only",NCT05185089; NCT02502097; 34152585,cough and symptom burden,"Both trials are short (2-6 weeks) and small; gefapixant's efficacy analysis excluded 7 of 51 randomised patients after a protocol amendment. This adds to the existing negative cough evidence (cromolyn, thalidomide-era work) rather than opening a new question.",Phase 6 action A5 registry-results sweep,,added in Phase 6 (C26)
M3.15,S3 What is uncertain,"Whether combined autoantibody reduction (therapeutic plasma exchange plus rituximab plus intravenous immunoglobulin) improves survival after an acute exacerbation of IPF is uncertain and untested by any analysable source. STRIVE-IPF (NCT03286556) posts six-month survival of 44% (SE 9, n=33) versus 7% (SE 6, n=18) on treatment as usual, but the trial is open-label, the arms are unequal from 82 enrolled, no baseline lung function or oxygen requirement is posted, no statistical analysis is posted, and no results publication exists. In stable IPF, blinded rituximab monotherapy was null with numerically more hospitalisations.",autoantibody reduction for acute exacerbations of IPF,E1 survival,Uncertain,"one open-label randomised trial, registry-posted only, plus uncontrolled pilot data",NCT03286556; NCT01266317; NCT01969409; 38509495; 26083430; 34813613,acute exacerbation survival,"A survival difference of this size in an unblinded trial with unposted baseline severity cannot be separated from case selection. Conflicts register X9. The smallest next step is retrieval of the trial's analysis and publication, not a new trial.",Phase 6 action A5 registry-results sweep,,added in Phase 6 (C27); held at verification
M3.16,S3 What is uncertain,"Five investigational programmes now have IPF randomised data that show no signal of benefit but are too small or too truncated to be decisive: LTP001 (n=46, terminated by sponsor decision, FVC % predicted -3.1 versus -1.1), ianalumab (n=30, terminated, FVC difference 0.063 L, p=0.3248), tanzisertib/CC-90001 (n=112 dosed, terminated on a strategic decision, ppFVC differences 1.1 and 2.2 with confidence intervals spanning zero, PMID 38484130), tipelukast (n=15) and belumosudil (open-label, no comparison posted). These are recorded as uncertain, not as failures.",small randomised programmes stopped before they could answer their question,E2 disease progression / lung function,Uncertain,randomised but underpowered or truncated trials,NCT05497284; NCT03287414; NCT03142191; 38484130; NCT02503657; NCT02688647,slowing progression,"Sponsor termination for business reasons is not evidence of inefficacy; equally, an unpowered null is not evidence of efficacy. None of these programmes reaches the threshold for a research lead under the Phase 4 screens.",Phase 6 action A5 registry-results sweep,,added in Phase 6 (C28)
M3.17,S3 What is uncertain,"A single-centre randomised posting claims a 73.2% reduction in daily coughing episodes versus 16.1% on saline placebo over 21 days in 50 IPF patients (difference -57.13, 95% CI -63.99 to -50.27, p=0.0001), together with a 27.9% rise in the FEV1/FVC ratio and zero adverse events in both arms. There is no publication, no described cough-measurement method and no outcomes-assessor masking, and the accompanying values are not consistent with the known behaviour of IPF over three weeks. The claim is recorded as unverified.",sodium pyruvate nasal spray (N115),E9 cough / symptom burden,Uncertain,"registry-only, unverifiable against any publication",NCT06037408,cough and symptom burden,Recorded because the record must not discard a positive result on the basis of its source; not treated as evidence of benefit because nothing in it can be checked. Conflicts register X10.,Phase 6 action A5 registry-results sweep,,added in Phase 6 (C29); held at verification
M5.13,S5 What we do not know,"A distinct class of IPF evidence exists that is neither published nor absent: trial results posted to a registry without a between-arm analysis, without a publication, or both. In this record it covers at least nine entities, including two adequately sized phase 2 trials (GALACTIC-1, n=172; HZN-825, n=153) and the only randomised survival result in acute exacerbations (STRIVE-IPF). Registry postings are primary source material and were graded as such, but where the sponsor posts no analysis and publishes no report, the evidence can be described and not weighed.",results that exist but cannot be graded,record completeness,Uncertain,"fact about the record, not about an intervention",ipf_phase6_registry_results_sweep.csv; ipf_phase2_landscape.csv; corrections_log.csv C24-C34,not applicable,"Rows M5.7-M5.13 are facts about the record's completeness, not about any intervention. The remedy is retrieval, not new trials.",Phase 6 action A5 registry-results sweep,,added in Phase 6 (C30)
M5.14,S5 What we do not know,"The largest single block of randomised IPF evidence that this record has not examined is Chinese-language. English-indexed systematic reviews that searched CNKI, Wanfang, VIP and CBM pool 63 randomised trials of Chinese medicine injections, 23 trials in 1390 patients of qi-supplementing and blood-activating herbs, 20 trials in 1363 patients across four injection products, 11 trials in 981 patients of external TCM treatment, and a herbal-versus-N-acetylcysteine comparison in 733 patients. No injection product and no head-to-head herbal comparison appears in the 279-intervention landscape.",Chinese-language randomised evidence not examined by this record,record completeness,Uncertain,"fact about the record, not about an intervention","ipf_phase6_chinese_language_coverage.csv; PMID 35881610, 36451506, 35245333, 41088620, 31312224, 37235494; corrections_log.csv C35",not applicable,"These counts come from secondary sources; the underlying trials were not read and their reviews' own quality statements are cautionary. The counts describe how much evidence exists, not whether any of it shows benefit. No verdict is assigned to any of this evidence.",Phase 6 action A4 (Chinese-language coverage check),,added in Phase 6 (C35)
M5.15,S5 What we do not know,"Non-reporting of completed IPF trials is genuine rather than a search artefact. Of 110 completed trials with no retrievable results, a targeted registry-identifier search of PubMed found any indexed publication for only 7, and none of those reported the trial's missing primary clinical outcome: they were design papers, pre-completion reports, or safety, pharmacokinetic and preclinical papers.",unreported completed trials,record completeness,Uncertain,"fact about the record, not about an intervention",ipf_phase6_missing_results_retrieval.csv; ipf_phase3_retrieval_check.json; corrections_log.csv C38,not applicable,"The search covered PubMed only; results could exist in conference abstracts, theses, regulatory dossiers or non-indexed journals. Two entities were added to the landscape as a result, both phase 1 safety and pharmacokinetics only.",Phase 6 action A3 (missing-results retrieval),,added in Phase 6 (C38)
M3.18,S3 What is uncertain,"The magnitude of corticosteroid harm in IPF is not established, and the direction depends on the setting. The best available synthesis (10 observational studies, 1639 patients with fibrotic ILD) found an uncertain effect on mortality (RR 1.03, 95% CI 0.85-1.25) and, in IPF specifically, an uncertain effect on FVC decline (mean difference -3.80% predicted, 95% CI -8.94 to 1.34), both graded very low certainty. In acute exacerbation, one propensity-weighted cohort (n=82, 37 treated) found no association with in-hospital mortality (adjusted HR 1.31) alongside worse overall survival (HR 6.17); a second cohort (n=238) found pulse dosing no better than non-pulse; a third (n=153 and n=229) found early dose tapering associated with better survival (IPW-adjusted HR 0.37, 95% CI 0.14-0.99 and 0.27, 95% CI 0.094-0.83).","systemic corticosteroids (monotherapy, excluding the PANTHER triple-therapy regimen)",survival; lung function,Uncertain,"observational evidence only, graded very low certainty by its own authors; confounding by indication is not resolved","PMID 38160015, 31846126, 38087838, 36289512; corrections_log.csv C31 (unchanged verdicts)",not applicable,"None of these studies can separate a corticosteroid effect from the severity that prompted the prescription. The record's separate finding of harm from prednisone plus azathioprine plus N-acetylcysteine (PANTHER-IPF) is randomised evidence about a three-drug regimen and does not transfer to corticosteroid monotherapy. The tapering result is about how long steroids are continued, not whether they help.",Phase 6 action A7 (corticosteroid harm magnitude),,added in Phase 6 (action A7)
M5.16,S5 What we do not know,"FVC is a validated prognostic marker in IPF but has not been validated as a treatment-effect surrogate. Patient-level evidence is strong: in pooled nintedanib trial data (n=2583) a faster rate of FVC decline and a lower current FVC each predicted death over 52 weeks (HR 1.79, 95% CI 1.57-2.03 and HR 1.24, 95% CI 1.17-1.32 per 5-percentage-point decrease), and in a prospective registry, adjusted declines of at least 2%, 5% and 10% predicted were associated with 1.8-, 2.3- and 2.7-fold increases in the risk of death or transplantation. What no published analysis establishes is the trial-level question: whether a drug's effect on FVC predicts its effect on survival.",FVC as a surrogate endpoint,surrogacy of the record's primary outcome measure,Uncertain,"fact about the record's outcome measure, not about an intervention","PMID 37646126, 40020995; ipf_phase4_actions.csv A8",not applicable,"Patient-level prognostic association is not surrogacy. Every 'slows progression' verdict in this record rests on FVC, so this gap propagates to those verdicts: it does not make them wrong, but it means the survival consequence of the observed FVC benefit is inferred rather than measured. Individual IPF trials are underpowered for mortality, so the trial-level analysis is unlikely to be informative without pooled individual participant data.",Phase 6 action A8 (FVC-to-survival surrogacy),,added in Phase 6 (action A8)
