cand_id,from_statement,subject,shape,outcome,screen_failed,reason,screen_definitions,promoted_to_lead
P1,M6.1,azithromycin,(d) abandoned rather than refuted,rejected,S1; S4,"The abandonment and the null belong to different trials (C22). The chronic-cough question has a randomised crossover answer (NCT02173145, PMID 34015241) and the terminated trial was a combination-therapy study (NCT01432080, n=12). The ongoing 1000-patient trial NCT05842681 addresses acute exacerbation management, a different question, and is recorded as such rather than as an answer to this candidate.","retrieval artefact - the question already had an answer the earlier record missed | no testable signal - no controlled human signal, a non-clinical primary endpoint, or an effect not separable from an already-graded intervention",no
P2,M6.1,losartan,(d) abandoned rather than refuted,rejected,S4,"Human IPF evidence is one open-label single-arm study (n=20) and one randomised trial terminated at n=12 with registry-posted results. Neither can establish a signal in a disease with highly variable individual FVC trajectories, and no ongoing IPF programme targets the angiotensin pathway.","no testable signal - no controlled human signal, a non-clinical primary endpoint, or an effect not separable from an already-graded intervention",no
P3,M6.1,cromolyn sodium (RVT-1601),(d) abandoned rather than refuted,rejected,S2,"Not abandoned before a result: a phase 2b dose-ranging trial was null on cough (C15), superseding the earlier positive phase 2a.","superseded - a later or larger result, or the programme's own posted result, replaces the signal",no
P4,M6.1,continuous positive airway pressure,(d) abandoned rather than refuted,rejected,S4,"IPF evidence is two small studies (n=12 completed, n=7 terminated) with no randomised comparison against an IPF outcome. Where obstructive sleep apnoea coexists, CPAP is indicated on its own grounds; that is comorbidity management, not an IPF-progression hypothesis.","no testable signal - no controlled human signal, a non-clinical primary endpoint, or an effect not separable from an already-graded intervention",no
P5,M6.2,GLPG1205,(a) unreplicated null that size or phase cannot make decisive,rejected,S4,"A phase 2 trial (n=68, results posted) was null on FVC. An underpowered null contains no positive signal, and the record holds no prior - mechanistic, subgroup or otherwise - that would justify retesting GPR84 antagonism at size. No ongoing programme.","no testable signal - no controlled human signal, a non-clinical primary endpoint, or an effect not separable from an already-graded intervention",no
P6,M6.2,etanercept,(a) unreplicated null that size or phase cannot make decisive,rejected,S4,"One phase 2 trial (n=88, 2003-2007), null. No signal to retest and no ongoing programme; TNF blockade in IPF has not been revisited in over 15 years.","no testable signal - no controlled human signal, a non-clinical primary endpoint, or an effect not separable from an already-graded intervention",no
P7,M6.2,imatinib,(a) unreplicated null that size or phase cannot make decisive,rejected,S4,"One phase 2/3 trial (n=120), null on time to disease progression. No ongoing IPF programme.","no testable signal - no controlled human signal, a non-clinical primary endpoint, or an effect not separable from an already-graded intervention",no
P8,M6.2,inhaled carbon monoxide,(a) unreplicated null that size or phase cannot make decisive,rejected,S4,"One phase 2 trial (n=58, results posted 2017, PMID 29100885), null. No signal to retest and no ongoing programme.","no testable signal - no controlled human signal, a non-clinical primary endpoint, or an effect not separable from an already-graded intervention",no
P9,M6.2,macitentan,(a) unreplicated null that size or phase cannot make decisive,rejected,S4,"One phase 2 trial (n=178), null on FVC. The class question is not open: bosentan was null in two trials and ambrisentan was harmful in ARTEMIS-IPF, so endothelin-receptor antagonism has a class-level answer in IPF.","no testable signal - no controlled human signal, a non-clinical primary endpoint, or an effect not separable from an already-graded intervention",no
P10,M6.3,n-acetylcysteine in a TOLLIP- or telomere-defined subgroup,(c) subgroup that may respond differently,held at verification - not promoted,S5,"The motivating result is a post hoc TOLLIP rs3750920 x N-acetylcysteine interaction in PANTHER-IPF (PMID 26331942; provenance corrected in C19). Its full text is closed access and could not be obtained, so under the Phase 4 brief it is verification-incomplete. Separately, the genotype-stratified phase 3 trial PRECISIONS (NCT04300920) has completed with no results posted, so the question is already being answered and the smallest next step is retrieval, not a new hypothesis. Carried to Phase 6 as a retrieval action.",verification incomplete - the key result could not be checked against primary full text,no
P11,M6.4,co-trimoxazole adherence-dependent effect,(b) analysis of existing trial data,rejected as a lead; analysis action retained,S2; S6,"The intention-to-treat null now rests on EME-TIPAC (n=342, C13), which supersedes the smaller trial. Whether adherence modifies the effect is a re-analysis of existing trial data, not an intervention hypothesis; carried to Phase 6 as an analysis action with the caveat that per-protocol comparisons in an open-label context are confounded by health status.","superseded - a later or larger result, or the programme's own posted result, replaces the signal | not a therapeutic lead - a record, analysis or measurement action rather than an intervention hypothesis",no
P12,M6.5,sildenafil in right-heart dysfunction,(c) subgroup that may respond differently,rejected,S2; S1,"The subgroup hypothesis has been tested (C14): a prespecified INSTAGE subgroup analysis found no treatment-by-subgroup heterogeneity on SGRQ or FVC, and a phase 2b trial prospectively enrolled the enriched at-risk-of-pulmonary-hypertension population and was null on its primary endpoint. The trialists' residual call for further subgroup research is preserved in the map as an open statement, but no positive subgroup result supports it.","superseded - a later or larger result, or the programme's own posted result, replaces the signal | retrieval artefact - the question already had an answer the earlier record missed",no
P13,M6.11,BMS-986020 / LPA1 pathway,(d) abandoned rather than refuted (toxicity),rejected,S3,"The pathway question is under test: admilparant (BMS-986278) has a positive phase 2 (n=403) and an active phase 3 (NCT06003426, n=1255) with a second phase 3 planned (NCT07441408). Reviving the abandoned molecule adds nothing that the successor trial will not answer; its own stopping reason was drug-related hepatobiliary toxicity (C18).",already being answered - a registered ongoing trial addresses the same question,no
P14,M6.6,FVC change as a surrogate for survival,(e) record-level analysis opportunity,rejected as a lead; analysis action retained,S6,"A surrogacy question about an endpoint, not a therapeutic hypothesis. It is answerable by trial-level or individual-participant meta-analysis of existing trials. Whether published meta-analyses already answer it was not assessed in Phase 4; a prior literature check is part of the Phase 6 action.","not a therapeutic lead - a record, analysis or measurement action rather than an intervention hypothesis",no
P15,M6.7,110 completed trials with unretrievable results,(e) record-level retrieval opportunity,rejected as a lead; retrieval action retained,S6,"Missing results are a gap in the record, not evidence of therapeutic promise - the Phase 4 brief forbids converting one into the other. Retrieval remains the largest single addition available to this record and is carried to Phase 6.","not a therapeutic lead - a record, analysis or measurement action rather than an intervention hypothesis",no
P16,M6.8,Jinbei oral liquid,(f) traditional-medicine signal,rejected,S4,"Full text verified (C20): no primary endpoint was predefined, the single significant endpoint (total lung capacity) sits among many tested with no multiplicity control, and no accepted IPF efficacy endpoint was met.","no testable signal - no controlled human signal, a non-clinical primary endpoint, or an effect not separable from an already-graded intervention",no
P17,M6.8,Kangxian Huanji granule,(f) traditional-medicine signal,held at verification - not promoted,S5,"The abstract reports treatment failure at 4 weeks with RR 0.22 (95% CI 0.051-0.965, P=0.023) and a non-significant 16-week mortality difference, but the full text could not be obtained through any available route. Under the Phase 4 brief this is verification-incomplete and cannot be promoted. Obtaining the full text is carried to Phase 6.",verification incomplete - the key result could not be checked against primary full text,no
P18,M6.8,Baduanjin exercise,(f) traditional-medicine signal,rejected,S4,"Full text verified (C21): n=28, 8 weeks, unblinded, allocation by opened envelopes, authors describe it as exploratory, and the control group received no training at all. Against a no-exercise comparator the result cannot be separated from the generic effect of exercise training, which the record already grades at Probable.","no testable signal - no controlled human signal, a non-clinical primary endpoint, or an effect not separable from an already-graded intervention",no
P19,M6.8,Chinese-language database gap,(e) record-level retrieval opportunity,rejected as a lead; retrieval action retained,S6,"A search-coverage limitation (CNKI, VIP, Wanfang, SinoMed were not searchable from this environment), not a therapeutic hypothesis. Carried to Phase 6.","not a therapeutic lead - a record, analysis or measurement action rather than an intervention hypothesis",no
P20,M6.10,corticosteroid harm magnitude,(e) record-level analysis opportunity,rejected as a lead; analysis action retained,S6,"A harm-quantification question answerable in existing cohorts, with confounding by indication as the central methodological problem. Not an intervention hypothesis.","not a therapeutic lead - a record, analysis or measurement action rather than an intervention hypothesis",no
P21,M6.12,recovery and reversal endpoints,(e) measurement gap,rejected as a lead; measurement action retained,S6,No intervention in the record targets recovery of lost lung function and no trial endpoint measures it. This is an endpoint-development question; naming it as a therapeutic lead would invert the brief's rule that a gap is not a hypothesis.,"not a therapeutic lead - a record, analysis or measurement action rather than an intervention hypothesis",no
P22,M6.9,pulmonary rehabilitation durability,(g) open question about an intervention that works,rejected,S1,"Answered to 52 weeks by a randomised trial the Phase 2 search missed (C12), which is null on 6MWD and favours training on endurance time. The residual untested horizon is beyond 12 months; it remains an open statement in the map, not a lead.",retrieval artefact - the question already had an answer the earlier record missed,no
P23,M6.11,omeprazole,(a) small positive randomised signal,rejected,S4,"Full-text verification weakened rather than supported the signal (C17): feasibility was the primary objective, no formal sample-size calculation was performed, the adjusted cough-frequency interval includes no effect, and FEV1 and FVC differences in the same trial favour placebo, with more lower respiratory tract infections on omeprazole.","no testable signal - no controlled human signal, a non-clinical primary endpoint, or an effect not separable from an already-graded intervention",no
P24,M6.11,GSK3008348,(a) small positive randomised signal,rejected,S4,"Phase 1 only, with a phase 1b terminated at n=8 (results posted). The primary endpoints were safety and target engagement (C16); there is no clinical-outcome signal to follow up.","no testable signal - no controlled human signal, a non-clinical primary endpoint, or an effect not separable from an already-graded intervention",no
P25,M6.11,LTI-03,(a) small positive randomised signal,rejected,S3; S4,"Phase 1 primary endpoints were safety and tolerability (C16), and a phase 2 trial (NCT06968845, n=120) is recruiting. The question is already being answered by an appropriately designed trial.","already being answered - a registered ongoing trial addresses the same question | no testable signal - no controlled human signal, a non-clinical primary endpoint, or an effect not separable from an already-graded intervention",no
P26,M6.11,TRK-250,(a) small positive randomised signal,rejected,S4,"One phase 1 trial (n=34, results posted 2023) with a safety primary endpoint and no clinical outcome; no subsequent programme.","no testable signal - no controlled human signal, a non-clinical primary endpoint, or an effect not separable from an already-graded intervention",no
P27,M6.11,bexotegrast (PLN-74809),(a) small positive randomised signal,rejected,S2,"Superseded by its own trial (C23): the phase 2b BEACON-IPF was terminated on DSMB recommendation with excess disease-progression events and deaths on active treatment. The intervention moves to the harm register, not to a lead.","superseded - a later or larger result, or the programme's own posted result, replaces the signal",no
P28,M6.11,omipalisib,(a) small positive randomised signal,rejected,S4,A single mechanistic study with an FDG-PET uptake primary endpoint (C16); no clinical outcome and no subsequent programme.,"no testable signal - no controlled human signal, a non-clinical primary endpoint, or an effect not separable from an already-graded intervention",no
P29,M6.11,salbutamol,(a) small positive randomised signal,rejected,S4,"Randomised data address lung deposition and short-term physiology, not a clinical outcome (C16).","no testable signal - no controlled human signal, a non-clinical primary endpoint, or an effect not separable from an already-graded intervention",no
P30,M6.11,sirolimus,(a) small positive randomised signal,rejected,S4,The trial's primary endpoint was not a clinical outcome and its own abstract states 'Lung function was unaffected by either treatment' (C16).,"no testable signal - no controlled human signal, a non-clinical primary endpoint, or an effect not separable from an already-graded intervention",no
P31,M6.11,valganciclovir,(a) small positive randomised signal,rejected,S4,"Randomised human data address a virological or safety endpoint, not a clinical IPF outcome (C16). The only recently posted valganciclovir result in the registry extract is a CMV-prophylaxis trial after lung transplantation, which is outside this record's scope.","no testable signal - no controlled human signal, a non-clinical primary endpoint, or an effect not separable from an already-graded intervention",no
P32,M6.11,palliative care,(a) small positive randomised signal,rejected,S4,"The randomised evidence addresses feasibility and process endpoints (C16). Palliative and supportive care is already recommended in IPF guidelines and graded in the map; the open question is implementation, not whether an effect exists to discover.","no testable signal - no controlled human signal, a non-clinical primary endpoint, or an effect not separable from an already-graded intervention",no
P33,M6.11,mesenchymal stem cells,(a) small positive randomised signal,rejected,S3; S4,"All completed IPF trials are phase 1 or 1/2 with safety primary endpoints and 8-24 participants (C16), and several early-phase trials are ongoing, including a phase 2 (NCT07131150, n=66). No clinical signal exists yet to promote.","already being answered - a registered ongoing trial addresses the same question | no testable signal - no controlled human signal, a non-clinical primary endpoint, or an effect not separable from an already-graded intervention",no
P34,M3.15,autoantibody reduction (plasma exchange + rituximab + IVIG) for acute exacerbations of IPF,(a) small positive randomised signal,held at verification - not promoted,S5; S3,"The signal is the largest single positive randomised result in the whole record: six-month survival 44% (SE 9, n=33) versus 7% (SE 6, n=18) in STRIVE-IPF (NCT03286556). It fails S5 because the only source is a registry posting with no statistical analysis, no baseline lung function or oxygen requirement, unequal arms drawn from 82 enrolled, no masking of any party, and no results publication - only a design paper (PMID 38509495). It also fails S3: NCT07299695 (phase 3 intravenous immunoglobulin in acute exacerbations, recruiting) and NCT07674745 (autoantibody reduction in progressive IPF, not yet recruiting) are registered and address the same question. Smallest next step is retrieval of the STRIVE-IPF analysis and publication (action A10), not a new trial.",verification incomplete - the key result could not be checked against primary full text | already being answered - a registered ongoing trial addresses the same question,no
P35,M3.17,sodium pyruvate nasal spray (N115) for IPF cough,(a) small positive randomised signal,held at verification - not promoted,S5,"NCT06037408 posts a -57.13 percentage-point between-arm difference in daily coughing episodes (p=0.0001) at a single site in 50 patients. It fails S5: there is no publication, the cough-measurement method is not described, outcomes-assessor masking is not stated, and the accompanying values (a 27.9% rise in the FEV1/FVC ratio over 21 days, zero adverse events in 50 IPF patients in both arms) cannot be reconciled with the known behaviour of the disease. Nothing in the posting can be checked against a primary report. Smallest next step is retrieval of a protocol, analysis plan and publication (action A11).",verification incomplete - the key result could not be checked against primary full text,no
P36,M3.16,"tanzisertib (CC-90001), oral JNK inhibitor",(d) abandoned rather than refuted,rejected,S4,"NCT03142191 (n=112 dosed) was stopped for a sponsor strategic decision, not for a result, and the published ppFVC differences favour active drug numerically: 1.1% (95% CI -2.1 to 4.3, p=0.50) at 200 mg and 2.2% (95% CI -1.1 to 5.4, p=0.19) at 400 mg (PMID 38484130). By the same rule applied to GLPG1205 at P5, a non-significant null contains no positive signal to retest; there is no ongoing IPF programme for the molecule. Recorded as Uncertain in the landscape rather than promoted.","no testable signal - no controlled human signal, a non-clinical primary endpoint, or an effect not separable from an already-graded intervention",no
P37,M3.16,LTP001,(a) unreplicated null that size or phase cannot make decisive,rejected,S4,"NCT05497284 (n=46, terminated by sponsor decision) is numerically worse on the primary FVC endpoint (-3.1 versus -1.1 % predicted; Bayesian slope -2.6, 95% credible interval -6.9 to 1.3). An underpowered null with an unfavourable direction contains no positive signal (rule as applied at P5).","no testable signal - no controlled human signal, a non-clinical primary endpoint, or an effect not separable from an already-graded intervention",no
P38,M3.16,ianalumab (VAY736),(a) unreplicated null that size or phase cannot make decisive,rejected,S4,"NCT03287414 (n=30, terminated by sponsor decision) shows an FVC difference of 0.063 L (95% CI -0.115 to 0.241, p=0.3248). No positive signal; no ongoing IPF programme.","no testable signal - no controlled human signal, a non-clinical primary endpoint, or an effect not separable from an already-graded intervention",no
P39,M3.16,tipelukast (MN-001),(a) unreplicated null that size or phase cannot make decisive,rejected,S4,NCT02503657 (n=15) posts FVC change -0.177 L on MN-001 versus -0.025 L in the comparator arm with no between-arm analysis. Too small to contain an interpretable signal in either direction.,"no testable signal - no controlled human signal, a non-clinical primary endpoint, or an effect not separable from an already-graded intervention",no
P40,M3.16,belumosudil (KD025),(a) small positive randomised signal,rejected,S4,"NCT02688647 posts stable FVC on belumosudil (2608.2 to 2626.8 mL) against a decline on best supportive care (2516.7 to 2438.1 mL) at 24 weeks, but the trial is open-label with no blinding and no posted between-arm comparison, so the difference is not separable from the absence of a control condition. No clinical signal that survives the screen.","no testable signal - no controlled human signal, a non-clinical primary endpoint, or an effect not separable from an already-graded intervention",no
P41,M3.15,rituximab monotherapy in stable IPF,(a) unreplicated null that size or phase cannot make decisive,rejected,S4,"NCT01969409 (n=58, triple-masked) met a mechanistic autoantibody-titre primary endpoint and showed no benefit on FVC, survival or transplant-free survival, with 12 versus 6 hospital admissions and 9 of 30 versus 5 of 28 serious adverse events. No positive clinical signal; the combination-therapy question in acute exacerbations is carried separately at P34.","no testable signal - no controlled human signal, a non-clinical primary endpoint, or an effect not separable from an already-graded intervention",no
