intervention,verdict_class,failure_domain,abandoned_reason,evidence_tier,evidence_tier_sublabel,max_phase,registry_trials,trials_with_posted_results,statuses,key_result_pmid,key_result_verbatim,metric,duration_weeks,endpoint_dimension,termination_reasons,conflict_note,why,curated,curation_note
SAR156597,Failed,no benefit on the trial's own primary endpoint,not_applicable,Probable,randomised null result,PHASE2,2.0,1.0,COMPLETED,30337444.0,"The mean change from baseline in FVC % pred at 52 weeks was -5.8%, -5.2% and -6.3% for the placebo, Q2W and QW arms, respectively (Q2W versus placebo, p=0.59; QW versus placebo, p=0.63).",absolute change from baseline in forced vital capacity (FVC) % predicted at 52 weeks,52.0,absolute change from baseline in forced vital capacity (FVC) % predicted at 52 weeks,,,"1 human studies attributed; strongest rct; IPF-only monotherapy randomised: 0 positive, 1 null, 0 harm.",False,
bosentan,Failed,no benefit on the trial's own primary endpoint,recruitment_or_operational,Probable,replicated phase 3 randomised null result,PHASE4,6.0,2.0,COMPLETED|UNKNOWN|WITHDRAWN,21474646.0,"No significant difference between treatment groups was observed in the primary endpoint analysis (hazard ratio, 0.85; 95% confidence interval, 0.66-1.10; P=0.2110).",hospital-free survival and overall survival,104.0,hospital-free survival and overall survival,competing studies did not allow enrollment,,"8 human studies attributed; strongest rct; IPF-only monotherapy randomised: 1 positive, 2 null, 0 harm.",True,Engine read a conflict from a secondary quality-of-life report (PMID 19679600) whose own conclusion was that effects were minimal. Not a positive result; verdict corrected to Failed.
co-trimoxazole,Failed,no benefit on the trial's own primary endpoint,unknown,Probable,randomised null result,PHASE3,1.0,0.0,TERMINATED,33289822.0,"hazard ratio of 1.2 ([95% CI, 0.9-1.6]; P = .32)",forced vital capacity (FVC),52.0,forced vital capacity (FVC),Changes in standards of care,Shulgina 2013 (PMID 23143842) reported no FVC effect but a per-protocol all-cause mortality reduction; EME-TIPAC (PMID 33165623 family) was null on its primary. Logged in the conflicts register.,"PHASE4 CORRECTION (C13): key result updated to EME-TIPAC (n=342), missed by the Phase 2 search, which supersedes the earlier smaller trial.",True,
interferon gamma-1b,Failed,no benefit on the trial's own primary endpoint,lack_of_efficacy,Probable,randomised null result,PHASE3,7.0,0.0,COMPLETED|TERMINATED,14711911.0,"Over a median of 58 weeks, interferon gamma-1b therapy did not significantly affect the primary end point of progression-free survival, defined as the time to disease progression or death, and no significant treatment effect was observed on measures of lung function, gas exchange, or the quality of life.",progression-free survival (time to disease progression or death),58.0,progression-free survival (time to disease progression or death),Study design changes were needed based on GIPF-001 results; program discontinued based on GIPF-007 results; test drug showed lack of benefit at interim analysis,,"6 human studies attributed; strongest rct; IPF-only monotherapy randomised: 0 positive, 1 null, 0 harm.",True,"Registry termination text keyword-classified incorrectly; both programmes stopped after prespecified futility/interim analyses (lack of efficacy), not for the class the keyword matched."
n-acetylcysteine,Failed,no benefit on the trial's own primary endpoint,recruitment_or_operational,Probable,randomised null result,PHASE3,5.0,2.0,COMPLETED|WITHDRAWN,24836309.0,"At 60 weeks, there was no significant difference in the change in FVC between the acetylcysteine group and the placebo group (-0.18 liters and -0.19 liters, respectively; P=0.77).",change in FVC over 60 weeks,60.0,"Change in forced vital capacity, percentage of predicted vital capacity, percentage of predicted carbon monoxide diffusi",The study encountered challenges during startup due to the COVID-19 epidemic and was withdrawn.,"Post hoc pharmacogenomic and telomere-length subgroup analyses of the same trial data report differential effects (PMID 30566847 and the TOLLIP hypothesis behind NCT04300920); logged as an unresolved subgroup question (UN11), not as a positive result.","18 human studies attributed; strongest rct; IPF-only monotherapy randomised: 0 positive, 1 null, 0 harm.",True,"Monotherapy is graded separately from the triple-therapy combination entity. Harm belongs to the combination, not to NAC alone; the NAC arm was null."
pamrevlumab,Failed,no benefit on the trial's own primary endpoint,lack_of_efficacy,Probable,phase 3 randomised null result,PHASE3,5.0,3.0,COMPLETED|TERMINATED,38762797.0,"There was no significant between-group difference for absolute change in FVC from baseline to week 48 (least-squares mean, -260 mL [95% CI, -350 to -170 mL] in the pamrevlumab group vs -330 mL [95% CI, -430 to -230 mL] in the placebo group; mean between-group difference, 70 mL [95% CI, -60 to 190 mL], P = .29).",absolute change in FVC (mL) from baseline to week 48,48.0,change from baseline in percentage of predicted forced vital capacity (FVC) at week 48,Sponsor Decision; Study did not meet its primary endpoint.,PRAISE phase 2 positive (PMID 31575509) vs ZEPHYRUS-1 phase 3 null (PMID 38762797); logged in the conflicts register as resolved-by-supersession.,"9 human studies attributed; strongest rct; IPF-only monotherapy randomised: 2 positive, 1 null, 0 harm.",True,Engine graded Conflicting on equal footing. Under the brief's evidence hierarchy a larger phase 3 on the same endpoint supersedes the phase 2; the disagreement is preserved in the conflicts register rather than in the verdict.
simtuzumab,Failed,no benefit on the trial's own primary endpoint,lack_of_efficacy,Probable,randomised null result,PHASE2,3.0,2.0,COMPLETED|TERMINATED,27939076.0,"We noted no difference in progression-free survival between simtuzumab and placebo in the intention-to-treat population (median progression free survival times of 12·6 months and 15·4 months for simtuzumab and placebo, respectively; stratified HR 1·13, 95% CI 0·88-1·45; p=0·329) and in patients with baseline sLOXL2 in the 50th percentile or higher (median progression-free survival 11·7 months and 14·3 months for simtuzumab and placebo, respectively; stratified HR 1·03, 95% CI 0·74-1·43; p=0·851), or in the 75th percentile or higher (median progression-free survival 11·6 months and 16·9 months for simtuzumab and placebo, respectively; stratified HR 1·20, 95% CI 0·72-2·00; p=0·475).",progression-free survival (time to all-cause death or categorical decrease from baseline in FVC % predicted),,progression-free survival (time to all-cause death or categorical decrease from baseline in FVC % predicted),The Study was terminated due to lack of efficacy.,,"1 human studies attributed; strongest rct; IPF-only monotherapy randomised: 0 positive, 1 null, 0 harm.",False,
zinpentraxin alfa,Failed,no benefit on the trial's own primary endpoint,lack_of_efficacy,Probable,randomised null result,PHASE3,4.0,4.0,COMPLETED|TERMINATED,38354066.0,"In the final analysis, absolute change from baseline to Week 52 in FVC was similar between placebo and zinpentraxin alfa (-214.89 ml and -235.72 ml; P = 0.5420); there were no apparent treatment effects on secondary endpoints.",absolute change from baseline to Week 52 in FVC,52.0,absolute change from baseline to Week 52 in FVC,The study was terminated by Sponsor as the futility analysis outcome indicated that the study was unlikely to meet the predefined primary objective of the study. No new safety concerns were identified.,,"3 human studies attributed; strongest rct; IPF-only monotherapy randomised: 0 positive, 1 null, 0 harm.",True,"Registry termination text keyword-classified incorrectly; both programmes stopped after prespecified futility/interim analyses (lack of efficacy), not for the class the keyword matched."
BG00011,Harm outweighs benefit,harm exceeded benefit,safety_toxicity,Probable,randomised harm signal,PHASE2,2.0,2.0,COMPLETED|TERMINATED,35771569.0,"At Week 26, there was no significant difference in FVC change from baseline between patients who received BG00011 (n = 20) or placebo (n = 23), least squares mean (SE) -0.097 L (0.0600) versus -0.056 L (0.0593), respectively (P = 0.268).",FVC change from baseline,26.0,FVC change from baseline,Study was stopped because of safety concerns.,,"1 human studies attributed; strongest rct; IPF-only monotherapy randomised: 0 positive, 0 null, 1 harm.",False,
ambrisentan,Harm outweighs benefit,harm exceeded benefit,lack_of_efficacy,Probable,randomised harm signal,PHASE3,2.0,2.0,TERMINATED,23648946.0,"Ambrisentan-treated patients were more likely to meet the prespecified criteria for disease progression (90 [27.4%] vs. 28 [17.2%] patients; P = 0.010; hazard ratio, 1.74 [95% CI, 1.14 to 2.66]).","Time to disease progression (death, respiratory hospitalization, or categorical decrease in lung function)",34.7,"Time to disease progression (death, respiratory hospitalization, or categorical decrease in lung function)",Lack of efficacy,,"5 human studies attributed; strongest rct; IPF-only monotherapy randomised: 0 positive, 1 null, 1 harm.",False,
carlumab,Harm outweighs benefit,harm exceeded benefit,not_applicable,Probable,randomised harm signal,PHASE2,1.0,0.0,COMPLETED,26493793.0,"All active treatment groups showed a greater decline in FVC (1 mg·kg(-1) -290 mL, 5 mg·kg(-1) -370 mL and 15 mg·kg(-1) -320 mL) compared with placebo (-130 mL).",rate of percentage change in forced vital capacity (FVC),52.0,rate of percentage change in forced vital capacity (FVC),,,"1 human studies attributed; strongest rct; IPF-only monotherapy randomised: 0 positive, 0 null, 1 harm.",False,
corticosteroid,Harm outweighs benefit,harm exceeded benefit,recruitment_or_operational,Uncertain,pooled data predominantly observational; no randomised monotherapy trial retrieved,PHASE3,7.0,0.0,COMPLETED|RECRUITING|TERMINATED|UNKNOWN|WITHDRAWN,40277510.0,"Steroid treatment poses a higher risk, as suggested by the summary measures (RR of 1.78; CI 1.29-2.76, p = 0.00001).",overall mortality,,overall mortality,Not meeting recruitment targets,,"35 human studies attributed; strongest rct; IPF-only monotherapy randomised: 1 positive, 1 null, 1 harm.",True,"Tier downgraded from Probable: the pooled RR 1.78 (PMID 40277510) rests mainly on observational sources, and the strongest randomised harm evidence is for the triple-therapy combination, graded as its own entity."
cyclophosphamide,Harm outweighs benefit,harm exceeded benefit,not_applicable,Probable,randomised harm signal,PHASE3,2.0,0.0,COMPLETED,34506761.0,The 3-month all-cause mortality was 45% (27/60) in patients given cyclophosphamide compared with 31% (18/59) in the placebo group (difference 14·5% [95% CI -3·1 to 31·6]; p=0·10).,3-month all-cause mortality,12.0,3-month all-cause mortality,,,"9 human studies attributed; strongest rct; IPF-only monotherapy randomised: 0 positive, 0 null, 1 harm.",False,
riociguat,Harm outweighs benefit,harm exceeded benefit,safety_toxicity,Probable,randomised harm signal,PHASE2,1.0,1.0,TERMINATED,31416769.0,Riociguat did not improve 6MWD versus placebo at 26 weeks (least-squares mean difference 21 m; 95% CI -9 to 52).,change in 6-min walking distance (6MWD),26.0,change in 6-min walking distance (6MWD),"Study terminated per recommendation of iDMC. On iDMC request, protocol amended to include 4-month safety follow-up for patients after withdrawal of riociguat.",,"2 human studies attributed; strongest rct; IPF-only monotherapy randomised: 0 positive, 0 null, 1 harm.",False,
triple therapy,Harm outweighs benefit,harm exceeded benefit,safety_toxicity,Probable,randomised harm signal,none (literature-only),0.0,0.0,,22607134.0,"patients in the combination-therapy group, as compared with the placebo group, had an increased rate of death (8 vs. 1, P=0.01) and hospitalization (23 vs. 7, P<0.001).",change in FVC over 60 weeks (arm stopped at interim),32.0,mortality and hospitalisation (harm),,,"2 human studies attributed; strongest rct; IPF-only monotherapy randomised: 0 positive, 0 null, 0 harm.",True,"Combination entity per brief section 1: prednisone + azathioprine + N-acetylcysteine, cross-referenced to its three components. Engine had attributed only a network meta-analysis to it. Key result is the PANTHER-IPF interim (PMID 22607134)."
warfarin,Harm outweighs benefit,harm exceeded benefit,safety_toxicity,Probable,randomised harm signal,PHASE3,1.0,1.0,TERMINATED,22561965.0,"Due to a low probability of benefit and an increase in mortality observed in the subjects randomized to warfarin (14 warfarin versus 3 placebo deaths; P = 0.005) an independent Data and Safety Monitoring Board recommended stopping the study after 145 of the planned 256 subjects were enrolled (72 warfarin, 73 placebo).","composite outcome of time to death, hospitalization (nonbleeding, nonelective), or a 10% or greater absolute decline in FVC",28.0,"composite outcome of time to death, hospitalization (nonbleeding, nonelective), or a 10% or greater absolute decline in ",Excess of mortality in the treatment group created safety concerns.,,"7 human studies attributed; strongest rct; IPF-only monotherapy randomised: 0 positive, 0 null, 1 harm.",False,
AMB-05X,"Programme stopped, result not established",development stopped before a result was established,unknown,Unknown,registry-only,PHASE2,1.0,0.0,WITHDRAWN,,,,,,to focus resources on other studies,,"No human study reporting an IPF outcome for this agent was retrieved (PubMed, 2026-09-02).",False,
AZD5055,"Programme stopped, result not established",development stopped before a result was established,trial_design,Unknown,registry-only,PHASE1,2.0,0.0,COMPLETED|TERMINATED,,,,,,The study was terminated as no drug-drug interactions were observed in Part-A of the study and therefore Part-B of the study was not required as per protocol.,,"No human study reporting an IPF outcome for this agent was retrieved (PubMed, 2026-09-02).",False,
BI 1839100,"Programme stopped, result not established",development stopped before a result was established,regulatory_or_commercial,Unknown,registry-only,PHASE2,1.0,0.0,TERMINATED,,,,,,Sponsor decision,,"No human study reporting an IPF outcome for this agent was retrieved (PubMed, 2026-09-02).",False,
BLD-2660,"Programme stopped, result not established",development stopped before a result was established,safety_toxicity,Unknown,registry-only,PHASE2,1.0,0.0,WITHDRAWN,,,,,,Withdrawn due to concerns for patient safety during COVID-19 crisis,,"No human study reporting an IPF outcome for this agent was retrieved (PubMed, 2026-09-02).",False,
GSK2634673F,"Programme stopped, result not established",development stopped before a result was established,recruitment_or_operational,Unknown,registry-only,PHASE1,1.0,0.0,TERMINATED,,,,,,The study was terminated due to challenges recruiting subjects with fibrotic interstitial lung disease associated with a connective tissue disease for Part D,,"No human study reporting an IPF outcome for this agent was retrieved (PubMed, 2026-09-02).",False,
GSK3008348,"Programme stopped, result not established",development stopped before a result was established,unknown,Uncertain,early-phase or single randomised source,PHASE1,2.0,1.0,COMPLETED|TERMINATED,32216814.0,Adjusted posterior median reduction in uncorrected VT at ~ 30 min after GSK3008348 inhalation was 20% (95% CrI: - 9 to 42%).,"whole lung volume of distribution (VT), not corrected for air volume, at ~30 min post-dose compared with pre-dose",4.3,"whole lung volume of distribution (VT), not corrected for air volume, at ~30 min post-dose compared with pre-dose",Sufficient information was gathered from cohort 1 to terminate the study without proceeding to optional cohort 2.,,"2 human studies attributed; strongest rct; IPF-only monotherapy randomised: 1 positive, 0 null, 0 harm.",False,
GSK3915393,"Programme stopped, result not established",development stopped before a result was established,lack_of_efficacy,Unknown,registry-only,PHASE2,2.0,0.0,COMPLETED|TERMINATED,,,,,,"The study met futility criteria at pre-planned interim analysis, showing no clinical efficacy of the investigational drug. Based on the lack of efficacy at the interim data review, the sponsor decided to terminate the study.",,"No human study reporting an IPF outcome for this agent was retrieved (PubMed, 2026-09-02).",False,
HZN-825,"Programme stopped, result not established",development stopped before a result was established,unknown,Unknown,registry-only,PHASE2,1.0,1.0,TERMINATED,,,,,,The trial was terminated due to not meeting primary or key secondary endpoints.,,"No human study reporting an IPF outcome for this agent was retrieved (PubMed, 2026-09-02).",False,
IDL-2965 oral,"Programme stopped, result not established",development stopped before a result was established,unknown,Unknown,registry-only,PHASE1,1.0,0.0,TERMINATED,,,,,,Due to development challenges associated with the SARS-CoV-2 pandemic and emerging nonclinical data,,"No human study reporting an IPF outcome for this agent was retrieved (PubMed, 2026-09-02).",False,
LTP001,"Programme stopped, result not established",development stopped before a result was established,regulatory_or_commercial,Unknown,registry-only,PHASE2,1.0,1.0,TERMINATED,,,,,,Sponsor Decision,,"No human study reporting an IPF outcome for this agent was retrieved (PubMed, 2026-09-02).",False,
ORIN1001,"Programme stopped, result not established",development stopped before a result was established,unknown,Unknown,registry-only,PHASE1,1.0,0.0,SUSPENDED,,,,,,Partnership activities ongoing,,"No human study reporting an IPF outcome for this agent was retrieved (PubMed, 2026-09-02).",False,
QAX576,"Programme stopped, result not established",development stopped before a result was established,not_applicable,Unknown,registry-only,PHASE2,2.0,0.0,COMPLETED|TERMINATED,,,,,,,,"No human study reporting an IPF outcome for this agent was retrieved (PubMed, 2026-09-02).",False,
SM04646,"Programme stopped, result not established",development stopped before a result was established,regulatory_or_commercial,Unknown,registry-only,PHASE2,1.0,0.0,WITHDRAWN,,,,,,Study withdrawn for business reasons prior to screening or enrolling any subjects.,,"No human study reporting an IPF outcome for this agent was retrieved (PubMed, 2026-09-02).",False,
TD-1058,"Programme stopped, result not established",development stopped before a result was established,safety_toxicity,Unknown,registry-only,PHASE1,1.0,0.0,TERMINATED,,,,,,The Sponsor has decided to stop the study due to business reasons. Study was terminated before initiation of part C and D (Decision to not proceed with Parts C and D was not for safety reasons and do not impact the overall risk benefit of the IMP.),,"No human study reporting an IPF outcome for this agent was retrieved (PubMed, 2026-09-02).",False,
azathioprine,"Programme stopped, result not established",development stopped before a result was established,trial_design,Unknown,attribution not separable,PHASE3,1.0,0.0,TERMINATED,30566847.0,"In PANTHER-IPF, exposure to prednisone/azathioprine/N-acetylcysteine was associated with a higher composite endpoint of death, lung transplantation, hospitalization, or FVC decline for those with an LTL less than the 10th percentile (hazard ratio, 2.84; 95% confidence interval, 1.02-7.87; P = 0.045).","composite endpoint of death, lung transplantation, hospitalization, or FVC decline",,"composite endpoint of death, lung transplantation, hospitalization, or FVC decline",Study design changes were needed based on GIPF-001 results,,"13 human studies attributed; strongest rct; IPF-only monotherapy randomised: 0 positive, 0 null, 0 harm.",False,
azithromycin,"Programme stopped, result not established",development stopped before a result was established,recruitment_or_operational,Uncertain,underpowered null,PHASE2,3.0,0.0,COMPLETED|RECRUITING|TERMINATED,34015241.0,There was no significant change in the LCQ score or the VAS score with azithromycin or with placebo.,change in cough-related quality of life as measured by the Leicester Cough Questionnaire (LCQ),12.0,change in cough-related quality of life as measured by the Leicester Cough Questionnaire (LCQ),Not meeting recruitment targets,,"1 human studies attributed; strongest rct; IPF-only monotherapy randomised: 0 positive, 1 null, 0 harm.",False,
bexotegrast,Harm outweighs benefit,harm exceeded benefit,safety_or_toxicity,Probable,early-phase or single randomised source,PHASE2,4.0,4.0,COMPLETED|TERMINATED,,"In BEACON-IPF (NCT06097260, n=319 randomised), terminated on DSMB recommendation, registry-posted results show more disease-progression events on bexotegrast than placebo: 5 of 106 (placebo), 16 of 105 (160 mg) and 25 of 108 (320 mg); Cox hazard ratios versus placebo 3.31 (95% CI 1.21-9.05, p=0.0194) and 5.36 (95% CI 2.05-13.99, p=0.0006). A >=10% absolute FVC decline was also more frequent (odds ratio 3.33, 95% CI 1.03-10.81, p=0.0449 for 160 mg; 3.01, 95% CI 0.91-9.91, p=0.07 for 320 mg). Deaths: 0 of 106, 6 of 105 and 4 of 108; serious adverse events 6, 17 and 21. The week-52 FVC primary endpoint is uninformative because only 1, 1 and 2 participants reached week 52 after early termination.",incidence of treatment-emergent adverse events (TEAEs),12.0,incidence of treatment-emergent adverse events (TEAEs),DSMB recommendation,,"PHASE4 CORRECTION (C23): reclassified on registry-posted results of the terminated phase 2b trial NCT06097260 (DSMB recommendation), which show excess disease progression and deaths on active treatment.",False,
budesonide/formoterol,"Programme stopped, result not established",development stopped before a result was established,recruitment_or_operational,Unknown,registry-only,PHASE2,1.0,0.0,TERMINATED,,,,,,Not meeting recruitment targets,,"No human study reporting an IPF outcome for this agent was retrieved (PubMed, 2026-09-02).",False,
co-trimoxazole or doxycycline,"Programme stopped, result not established",development stopped before a result was established,lack_of_efficacy,Unknown,registry-only,PHASE3,1.0,1.0,TERMINATED,,,,,,Terminated for futility after review of first planned interim analysis.,,"No human study reporting an IPF outcome for this agent was retrieved (PubMed, 2026-09-02).",False,
continuous positive airway pressure,"Programme stopped, result not established",development stopped before a result was established,recruitment_or_operational,Uncertain,observational or uncontrolled only,NA/none,2.0,0.0,COMPLETED|TERMINATED,25028171.0,The good CPAP compliance group (37 patients) showed statistically significant improvement in all quality-of-life and sleep instruments after 1 year's CPAP treatment.,quality-of-life and sleep parameters; mortality,104.0,quality-of-life and sleep parameters; mortality,Lack of enrollment,,"3 human studies attributed; strongest observational_cohort; IPF-only monotherapy randomised: 0 positive, 0 null, 0 harm.",False,
"corticosteroids, plasma exchange, and rituximab","Programme stopped, result not established",development stopped before a result was established,not_applicable,Unknown,registry-only,PHASE2,1.0,0.0,WITHDRAWN,,,,,,,,"No human study reporting an IPF outcome for this agent was retrieved (PubMed, 2026-09-02).",False,
cromolyn sodium (RVT-1601),"Programme stopped, result not established",no benefit on the trial's own primary endpoint,not_applicable,Uncertain,underpowered null,PHASE2,2.0,0.0,TERMINATED,35050837.0,did not provide benefit over placebo for the treatment of chronic cough in patients with IPF,change from baseline to end of treatment in log-transformed 24-hour cough count,12.0,change from baseline to end of treatment in log-transformed 24-hour cough count,COVID-19 Pandemic; Difficulty recruiting; Funding ended; interim analysis provided sufficient data for interpretation.,,"PHASE4 CORRECTION (C15): reclassified from 'development stopped before a result' - a phase 2b dose-ranging trial reported a null primary cough result, superseding an earlier positive phase 2a trial (PMID 28923239).",False,
ianalumab (VAY736),"Programme stopped, result not established",development stopped before a result was established,regulatory_or_commercial,Unknown,registry-only,PHASE2,1.0,1.0,TERMINATED,,,,,,Sponsor decision,,"No human study reporting an IPF outcome for this agent was retrieved (PubMed, 2026-09-02).",False,
inhaled treprostinil,"Programme stopped, result not established",development stopped before a result was established,recruitment_or_operational,Probable,"randomised, endpoint-specific",PHASE3,6.0,2.0,COMPLETED|ENROLLING_BY_INVITATION|TERMINATED,41812190.0,"The median change in FVC at week 52 was -49.9 ml (95% confidence interval [CI], -79.2 to -19.5) in the treprostinil group and -136.4 ml (95% CI, -172.5 to -104.0) in the placebo group; the between-group difference in the change in FVC was 95.6 ml (95% CI, 52.2 to 139.0; P<0.001).",change from baseline in absolute forced vital capacity (FVC) at week 52,52.0,change from baseline in absolute forced vital capacity (FVC) at week 52,Lack of enrollment to the trial. Very difficult population to recruit.,,"3 human studies attributed; strongest rct; IPF-only monotherapy randomised: 2 positive, 0 null, 0 harm.",False,
interferon alpha,"Programme stopped, result not established",development stopped before a result was established,recruitment_or_operational,Unknown,registry-only,PHASE2,1.0,0.0,TERMINATED,,,,,,Insufficient patient accrual,,"No human study reporting an IPF outcome for this agent was retrieved (PubMed, 2026-09-02).",False,
leramistat,"Programme stopped, result not established",development stopped before a result was established,recruitment_or_operational,Unknown,registry-only,PHASE2,1.0,0.0,WITHDRAWN,,,,,,Due to slow initial recruitment and a lack of confidence in our ability to complete recruitment within the forecasted timeframe.,,"No human study reporting an IPF outcome for this agent was retrieved (PubMed, 2026-09-02).",False,
losartan,"Programme stopped, result not established",development stopped before a result was established,regulatory_or_commercial,Uncertain,observational or uncontrolled only,PHASE2|3,2.0,2.0,COMPLETED|TERMINATED,22810758.0,Twelve patients had a stable or improved %FVC at study month 12.,change in percentage of predicted forced vital capacity (%FVC) after 12 months,52.0,change in percentage of predicted forced vital capacity (%FVC) after 12 months,Funding was withdrawn.,,"1 human studies attributed; strongest non_randomised_trial; IPF-only monotherapy randomised: 0 positive, 0 null, 0 harm.",False,
macitentan,"Programme stopped, result not established",development stopped before a result was established,trial_design,Uncertain,underpowered null,PHASE2,2.0,1.0,COMPLETED|WITHDRAWN,23682110.0,The median change from baseline up to month 12 in forced vital capacity was -0.20 L in the macitentan arm and -0.20 L in the placebo arm.,forced vital capacity change from baseline to month 12,52.0,forced vital capacity change from baseline to month 12,Due to Protocol AC-055B201 (MUSIC) not meeting it's primary end point,,"2 human studies attributed; strongest rct; IPF-only monotherapy randomised: 0 positive, 1 null, 0 harm.",False,
mesenchymal stem cells,"Programme stopped, result not established",development stopped before a result was established,unknown,Uncertain,early-phase or single randomised source,PHASE1|2,7.0,1.0,COMPLETED|TERMINATED|UNKNOWN,27890713.0,No treatment-emergent serious adverse events were reported.,"incidence of treatment-emergent serious adverse events (death, nonfatal pulmonary embolism, stroke, hospitalization for worsening dyspnea, clinically significan",60.0,"incidence of treatment-emergent serious adverse events (death, nonfatal pulmonary embolism, stroke, hospitalization for ",Study completed,,"3 human studies attributed; strongest rct; IPF-only monotherapy randomised: 2 positive, 0 null, 0 harm.",False,
montelukast,"Programme stopped, result not established",development stopped before a result was established,recruitment_or_operational,Unknown,registry-only,PHASE2,1.0,0.0,TERMINATED,,,,,,Not meeting recruitment targets,,"No human study reporting an IPF outcome for this agent was retrieved (PubMed, 2026-09-02).",False,
multidisciplinary rehabilitation and education program,"Programme stopped, result not established",development stopped before a result was established,lack_of_efficacy,Unknown,registry-only,NA/none,1.0,0.0,TERMINATED,,,,,,Study considered futile,,"No human study reporting an IPF outcome for this agent was retrieved (PubMed, 2026-09-02).",False,
nintedanib,"Programme stopped, result not established",development stopped before a result was established,recruitment_or_operational,Probable,"randomised, endpoint-specific",PHASE4,25.0,24.0,COMPLETED|NOT_YET_RECRUITING|RECRUITING|TERMINATED,24836310.0,"The adjusted annual rate of change in FVC was -114.7 ml with nintedanib versus -239.9 ml with placebo (difference, 125.3 ml; 95% confidence interval [CI], 77.7 to 172.8; P<0.001) in INPULSIS-1 and -113.6 ml with nintedanib versus -207.3 ml with placebo (difference, 93.7 ml; 95% CI, 44.8 to 142.7; P<0.001) in INPULSIS-2.",annual rate of decline in forced vital capacity (FVC),52.0,annual rate of decline in forced vital capacity (FVC),Low enrollment; The study was terminated as no drug-drug interactions were observed in Part-A of the study and therefore Part-B of the study was not required as per protocol.; The trial was terminated prematurely due to difficulties with recruitment because of the COVID-19 pandemic.,,"38 human studies attributed; strongest rct; IPF-only monotherapy randomised: 4 positive, 0 null, 0 harm.",False,
physiotherapy,"Programme stopped, result not established",development stopped before a result was established,not_applicable,Unknown,registry-only,NA/none,1.0,0.0,TERMINATED,,,,,,,,"No human study reporting an IPF outcome for this agent was retrieved (PubMed, 2026-09-02).",False,
placebo then n-acetylcysteine,"Programme stopped, result not established",development stopped before a result was established,recruitment_or_operational,Unknown,registry-only,PHASE1|2,1.0,0.0,WITHDRAWN,,,,,,The study encountered challenges during startup due to the COVID-19 epidemic and was withdrawn.,,"No human study reporting an IPF outcome for this agent was retrieved (PubMed, 2026-09-02).",False,
pomalidomide,"Programme stopped, result not established",development stopped before a result was established,safety_toxicity,Unknown,registry-only,PHASE2,1.0,0.0,WITHDRAWN,,,,,,FDA did not accept sponsor's animal toxicology data to support proposed dosing.,,"No human study reporting an IPF outcome for this agent was retrieved (PubMed, 2026-09-02).",False,
pulmonary rehabilitation / exercise training,"Programme stopped, result not established",development stopped before a result was established,recruitment_or_operational,Probable,multiple concordant small randomised trials; durability beyond ~6 months not established,PHASE4,22.0,3.0,ACTIVE_NOT_RECRUITING|COMPLETED|RECRUITING|TERMINATED|UNKNOWN,33164264.0,"6MWD increased by 60.44 m in the PD group, 32.16 m in the exercise group and 12.42 m in controls after the 2 months of rehabilitation programme.",6-minute walk distance (6MWD) and health-related quality of life (SGRQ-I score) at 2 months and 6 months,26.0,functional capacity (E13) and symptoms/HRQoL (E11),PhD Student stopped working on this project; The trial was terminated prematurely due to difficulties with recruitment because of the COVID-19 pandemic.,,"30 human studies attributed; strongest rct; IPF-only monotherapy randomised: 8 positive, 0 null, 0 harm.",True,"Registry phase labels do not apply to a non-pharmacological intervention, so the engine's 'phase 3' justification was replaced. Trials are small (n=57-96) and mostly single-centre; effects are measured at 2-3 months and are not shown to persist. One abstract (PMID 34003726, nurse-led palliative care) was attributed here by the word 'programme' and is not counted as rehabilitation evidence."
sildenafil,"Programme stopped, result not established",no benefit on the trial's own primary endpoint,not_applicable,Uncertain,conflicting randomised evidence,PHASE4,9.0,5.0,COMPLETED|TERMINATED|UNKNOWN|WITHDRAWN,32822614.0,between-group difference 3·06% [95% CI -11·30 to 17·97]; p=0·65,mortality; FVC change; DLCO change; hospitalizations; acute exacerbations; adverse drug effects leading to discontinuation,,mortality; FVC change; DLCO change; hospitalizations; acute exacerbations; adverse drug effects leading to discontinuati,Funding was withdrawn.; inclusion/exclusion criteria limited enrollment,1 positive vs 1 null randomised IPF-only sources,PHASE4 CORRECTION (C14): reclassified from 'development stopped before a result' - three randomised trials are null in the overall IPF population and the subgroup hypothesis was not supported when tested.,False,
sildenafil and losartan,"Programme stopped, result not established",development stopped before a result was established,regulatory_or_commercial,Unknown,registry-only,PHASE2|3,1.0,1.0,TERMINATED,,,,,,Funding was withdrawn.,,"No human study reporting an IPF outcome for this agent was retrieved (PubMed, 2026-09-02).",False,
simeox,"Programme stopped, result not established",development stopped before a result was established,not_applicable,Unknown,registry-only,NA/none,1.0,0.0,TERMINATED,,,,,,,,"No human study reporting an IPF outcome for this agent was retrieved (PubMed, 2026-09-02).",False,
tanzisertib (CC-90001),"Programme stopped, result not established",development stopped before a result was established,regulatory_or_commercial,Unknown,registry-only,PHASE2,1.0,1.0,TERMINATED,,,,,,Business objectives have changed.,,"No human study reporting an IPF outcome for this agent was retrieved (PubMed, 2026-09-02).",False,
tanzisertib (CC-930),"Programme stopped, result not established",development stopped before a result was established,safety_toxicity,Unknown,registry-only,PHASE2,1.0,0.0,TERMINATED,,,,,,The benefit/ risk profile does not support continuation of this study.,,"No human study reporting an IPF outcome for this agent was retrieved (PubMed, 2026-09-02).",False,
telenursing,"Programme stopped, result not established",development stopped before a result was established,unknown,Unknown,registry-only,NA/none,1.0,1.0,TERMINATED,,,,,,Principal Investigator left the institution and the study was closed with the IRB,,"No human study reporting an IPF outcome for this agent was retrieved (PubMed, 2026-09-02).",False,
telenursing and remote monitoring,"Programme stopped, result not established",development stopped before a result was established,unknown,Unknown,registry-only,NA/none,1.0,1.0,TERMINATED,,,,,,Principal Investigator left the institution and the study was closed with the IRB,,"No human study reporting an IPF outcome for this agent was retrieved (PubMed, 2026-09-02).",False,
therapeutic plasma exchange,"Programme stopped, result not established",development stopped before a result was established,safety_toxicity,Unknown,attribution not separable,PHASE2,2.0,0.0,NOT_YET_RECRUITING|TERMINATED,26083430.0,"Nine (9) trial subjects (82%) had improvements of pulmonary gas exchange after treatment, compared to one (5%) historical control.",improvement in pulmonary gas exchange after treatment,96.0,improvement in pulmonary gas exchange after treatment,"Owing to the Covid-19 epidemics, suspension of inclusions on Monday 16 march 2020 for an undetermined period of time Terminated prematurely due to an excessive number of deaths",,"1 human studies attributed; strongest case_series; IPF-only monotherapy randomised: 0 positive, 0 null, 0 harm.",False,
tralokinumab,"Programme stopped, result not established",development stopped before a result was established,lack_of_efficacy,Uncertain,underpowered null,PHASE2,2.0,4.0,COMPLETED|TERMINATED,28787186.0,"Neither tralokinumab 400 mg nor tralokinumab 800 mg met the primary endpoint; least-squares mean difference (95% confidence interval) percent predicted FVC from baseline to Week 52: -1.77 (-4.13 to 0.59) (P = 0.140) and -1.41 (-3.73 to 0.91) (P = 0.234), respectively.",change from baseline to Week 52 in percent predicted FVC,52.0,change from baseline to Week 52 in percent predicted FVC,Early termination of the study due to lack of efficacy.,,"1 human studies attributed; strongest rct; IPF-only monotherapy randomised: 0 positive, 1 null, 0 harm.",False,
vismodegib,"Programme stopped, result not established",development stopped before a result was established,not_applicable,Unknown,registry-only,PHASE2,2.0,0.0,COMPLETED|WITHDRAWN,,,,,,,,"No human study reporting an IPF outcome for this agent was retrieved (PubMed, 2026-09-02).",False,
vixarelimab,"Programme stopped, result not established",development stopped before a result was established,safety_toxicity,Unknown,registry-only,PHASE2,1.0,0.0,TERMINATED,,,,,,Sponsor decided to discontinue the study after review of clinical data by the iDMC. This decision was based on unblinded evaluation of clinical efficacy which showed a trend towards futility \& was not related to any safety concerns of vixarelimab.,,"No human study reporting an IPF outcome for this agent was retrieved (PubMed, 2026-09-02).",False,
voxelotor,"Programme stopped, result not established",development stopped before a result was established,unknown,Unknown,registry-only,PHASE2,2.0,2.0,COMPLETED|TERMINATED,,,,,,The study was terminated due to lack of clinically meaningful benefit,,"No human study reporting an IPF outcome for this agent was retrieved (PubMed, 2026-09-02).",False,
ziritaxestat,Failed,no benefit on the trial's own primary endpoint,lack_of_efficacy,Established,registry-only,PHASE3,3.0,3.0,COMPLETED|TERMINATED,37159034.0,Ziritaxestat did not improve the annual rate of FVC decline vs placebo in either study.,annual rate of FVC decline at week 52,52.0,rate of FVC decline (E1),The benefit-risk profile no longer supports continuing the study,,"No human study reporting an IPF outcome for this agent was retrieved (PubMed, 2026-09-02).",True,"Reclassified in C11: previously recorded only as 'development stopped', which mis-stated the case. The ISABELA 1/2 phase 3 programme reported a null primary endpoint before discontinuation, so this is adequately-tested-and-negative rather than stopped-without-a-result."
ART-123,Failed,no benefit on the trial's own primary endpoint,lack_of_efficacy,Probable,"Probable (one randomised placebo-controlled trial, small, stopped for futility)",PHASE3,1.0,0.0,COMPLETED,31917621.0,"The survival proportions on Day 90 were 72.5% (29 of 40) in the thrombomodulin alfa group and 89.2% (33 of 37) in the placebo group, a difference of -16.7 percentage points (95% confidence interval, -33.8 to 0.4%;",survival proportion at day 90 after acute exacerbation,13.0,survival after acute exacerbation (E10/E11),,,"No human study reporting an IPF outcome for this agent was retrieved (PubMed, 2026-09-02).",True,Reclassified from 'Poorly studied' in the Phase 3 retrieval-artefact check (corrections entry C11): the Phase 2 per-entity search had missed the primary report. Graded from the retrieved abstract; full text not read.
co-trimoxazole or doxycycline,Failed,no benefit on the trial's own primary endpoint,lack_of_efficacy,Established,"Established (one pragmatic randomised trial, primary endpoint null)",PHASE3,1.0,1.0,TERMINATED,33974018.0,"Among adults with idiopathic pulmonary fibrosis, the addition of co-trimoxazole or doxycycline to usual care, compared with usual care alone, did not significantly improve time to nonelective respiratory hospitalization or death.",time to non-elective respiratory hospitalisation or death,,hospitalisation or death (composite; E10/E11),Terminated for futility after review of first planned interim analysis.,,"No human study reporting an IPF outcome for this agent was retrieved (PubMed, 2026-09-02).",True,"Duplicate registry label resolved in the Phase 3 retrieval check (C11): this is the CleanUP-IPF strategy arm, the same evidence as the 'co-trimoxazole' and 'doxycycline' rows. Kept so the registry label resolves, cross-referenced rather than counted as independent evidence."
BMS-986020,Uncertain,harm exceeded benefit,safety_or_toxicity,Uncertain,early-phase or single randomised source,PHASE2,,,,30201408.0,The study was terminated early because of three cases of cholecystitis that were determined to be related to BMS-986020,rate of change in FVC from baseline to week 26,,rate of change in FVC from baseline to week 26,,,"PHASE4 ADDITION (C18): the programme stopped for drug-related hepatobiliary toxicity while the primary lung-function endpoint favoured the drug. Recorded here because the stopping reason was harm, not absence of effect.",True,
GB0139,Failed,"worse than placebo on the primary lung-function endpoint, with more respiratory hospitalisations and worse quality of life; no between-arm test posted",not_applicable,Probable,"one adequately sized randomised trial, registry-posted only",PHASE2,1.0,1.0,COMPLETED,,"GALACTIC-1 (NCT03832946, n=172 randomised, 128 sites, quadruple-masked) primary endpoint annual rate of FVC decline at 52 weeks: GB0139 3 mg once daily -316.60 mL/year (95% CI -394.86 to -238.35, n=100) versus placebo -127.41 mL/year (95% CI -221.12 to -33.71, n=68); no between-arm analysis posted. Respiratory-related hospitalisations 17 of 102 versus 5 of 70; SGRQ total change +4.201 versus -4.77; deaths 8 of 102 versus 5 of 70; serious adverse events 24 of 102 versus 11 of 70; study completion 55 of 102 versus 38 of 70.",annual rate of FVC decline (mL/year),52.0,E2 disease progression / lung function,,,"Phase 6 A5: identified by registry-results sweep; adequately sized (n=172) quadruple-masked phase 2b, GALACTIC-1, unpublished",True,PHASE6 A5 (registry-results sweep): corrected from 'Poorly studied - no IPF-specific human outcome evidence'. Also merges the separate 'inhaled TD139' row (TD139 = GB0139). Earlier phase 1/2a target-engagement trial published (PMID 33214209).
HZN-825,Failed,no benefit on the trial's primary lung-function endpoint at either dose; sponsor terminated for not meeting primary or key secondary endpoints,lack_of_efficacy,Probable,"one adequately sized randomised trial, registry-posted only",PHASE2,1.0,1.0,TERMINATED,,"NCT05032066 (Amgen, n=153, triple-masked, 82 sites, terminated) primary endpoint change in FVC % predicted to week 52: -4.13 (300 mg QD), -3.38 (300 mg BID), -2.99 (placebo); LS mean difference versus placebo -1.13 (95% CI -3.56 to 1.29, p=0.4388) for QD and -0.39 (95% CI -2.86 to 2.09, p=0.7959) for BID. Secondary composite progression-free survival hazard ratio BID versus placebo 2.52 (95% CI 1.22 to 5.61, p=0.0438); secondary >=10% FVC decline odds ratio BID versus placebo 0.469 (95% CI 0.236 to 0.934, p=0.0706).","change in FVC % predicted, baseline to week 52",52.0,E2 disease progression / lung function,The trial was terminated due to not meeting primary or key secondary endpoints.,,"Phase 6 A5: identified by registry-results sweep; n=153 triple-masked phase 2, unpublished",True,"PHASE6 A5 (registry-results sweep): corrected from 'Poorly studied - no IPF-specific human outcome evidence'; abandoned_reason corrected from 'unknown' to lack of efficacy on the sponsor's own stated grounds. Note the internally discordant secondary endpoints (worse composite progression, fewer >=10% FVC decliners) - logged in the conflicts register."
orvepitant,Failed,no benefit on the trial's primary cough-severity endpoint at either dose,not_applicable,Probable,"one randomised crossover trial, registry-posted only",PHASE2,1.0,1.0,COMPLETED,,"NCT05185089 (n=80) primary endpoint mean change from baseline in weekly average daily IPF cough severity: mean difference 0.00 (95% CI -0.62 to 0.63, p=0.989, ANCOVA) for orvepitant 10 mg versus placebo and -0.58 (95% CI -1.16 to 0.01, p=0.054) for orvepitant 30 mg versus placebo.",change in daily IPF cough severity score,,E9 cough / symptom burden,,,"Phase 6 A5: identified by registry-results sweep; n=80 randomised crossover, unpublished",True,PHASE6 A5 (registry-results sweep): corrected from 'Poorly studied - no IPF-specific human outcome evidence'. The 30 mg comparison is directionally favourable but does not reach the conventional threshold; the trial is null on its primary endpoint as posted.
gefapixant,Failed,no benefit on the trial's primary objective cough-frequency endpoint,not_applicable,Probable,"one randomised crossover trial, published",PHASE2,2.0,2.0,COMPLETED,34152585.0,The change from baseline in awake cough frequency from periods 1 and 2 combined (mixed model for repeated measures analysis) did not demonstrate a significant reduction versus placebo in cough at day 14 (p = 0.90); in a post hoc analysis of log-transformed data p value for reduction versus placebo at day 14 was 0.07.,change from baseline in awake objective cough frequency (coughs/hour),2.0,E9 cough / symptom burden,,,"Phase 6 A5: identified by registry-results sweep and then traced to its publication (PMID 34152585); n=44 in the efficacy analysis, 14 days",True,"PHASE6 A5 (registry-results sweep): corrected from 'Poorly studied - no IPF-specific human outcome evidence'. Published in Pulm Ther 2021 (PMID 34152585) - a Phase 2 literature-search miss. 51 randomised, 44 in the primary efficacy analysis after a protocol amendment excluded 7; registry MMRM difference -2.5 coughs/hour (95% CI -10.1 to 5.1, p=0.5096)."
LTP001,Uncertain,"numerically worse than placebo on the primary lung-function endpoint with a credible interval spanning no difference; underpowered, terminated by sponsor decision at n=46",regulatory_or_commercial,Uncertain,"small randomised trial terminated early, registry-posted only",PHASE2,1.0,1.0,TERMINATED,,"NCT05497284 (Novartis, n=46 randomised, quadruple-masked, 15 sites, terminated - Sponsor Decision) primary endpoint change in FVC % predicted to end of treatment (~26 weeks): LTP001 6 mg -3.1 (n=17) versus placebo -1.1 (n=22); Bayesian random slope model slope -2.6 (95% credible interval -6.9 to 1.3). Secondary FVC change -120.0 mL versus -45.5 mL.","change in FVC % predicted, baseline to ~26 weeks",26.0,E2 disease progression / lung function,Sponsor Decision,,"Phase 6 A5: randomised data exist but cannot exclude a moderate effect - recorded as a null without a signal of benefit, not as a demonstrated failure",True,"PHASE6 A5 (registry-results sweep): corrected from 'Poorly studied - no IPF-specific human outcome evidence'. Randomised data exist and show no signal of benefit, but the trial was stopped by sponsor decision at n=46 and cannot exclude a moderate effect."
ianalumab (VAY736),Uncertain,"no difference on the primary lung-function endpoint; underpowered, terminated by sponsor decision at n=30",regulatory_or_commercial,Uncertain,"small randomised trial terminated early, registry-posted only",PHASE2,1.0,1.0,TERMINATED,,"NCT03287414 (Novartis, n=30, terminated - Sponsor decision) primary endpoint change in FVC to end of the 48-week treatment epoch: VAY736 +0.039 L versus placebo -0.023 L; LS mean difference 0.063 L (95% CI -0.115 to 0.241, p=0.3248, MMRM).","change in FVC (L), baseline to 48 weeks",48.0,E2 disease progression / lung function,Sponsor decision,,Phase 6 A5: randomised data exist but cannot exclude a moderate effect,True,PHASE6 A5 (registry-results sweep): corrected from 'Poorly studied - no IPF-specific human outcome evidence'.
tipelukast,Uncertain,"numerically worse than the comparator arm on the primary lung-function endpoints; n=15, no between-arm analysis posted",not_applicable,Uncertain,"very small randomised trial, registry-posted only",PHASE2,1.0,1.0,COMPLETED,,"NCT02503657 (MediciNova, n=15) primary endpoints to week 26: absolute change in FVC -0.177 L (arm labelled MN-001/MN-001) versus -0.025 L (arm labelled Placebo/MN-001); percent change in FVC -7.22% versus -0.33%. No between-arm analysis posted.",absolute and percent change in FVC to week 26,26.0,E2 disease progression / lung function,,,Phase 6 A5: randomised data exist but are too small to support any verdict on efficacy,True,PHASE6 A5 (registry-results sweep): corrected from 'Poorly studied - no IPF-specific human outcome evidence'. n=15 with a delayed-start style arm structure; the posted values are numerically worse on active drug but the trial cannot support any verdict on efficacy.
rituximab,Uncertain,"mechanistic primary endpoint met (lower autoantibody titre) with no benefit on FVC, survival or transplant-free survival, and numerically more hospitalisations and serious adverse events",not_applicable,Uncertain,"one randomised trial with a mechanistic primary endpoint, registry-posted only",PHASE2|3,4.0,1.0,COMPLETED|NOT_YET_RECRUITING|RECRUITING,32777737.0,"NCT01969409 (7 sites, randomised, parallel, triple-masked, n=58) primary endpoint autoantibodies to HEp-2 cells at 9 months: placebo 288 (SE 63, n=25) versus rituximab 177 (SE 29, n=26). Secondary clinical endpoints: FVC 2.6 L (SE 0.14) versus 2.5 L (SE 0.16); absolute survival 93% (SE 5) versus 93% (SE 5); transplant-free survival 89% (SE 6) versus 90% (SE 6); hospital admissions 6 versus 12; acute exacerbations 1 versus 2; serious adverse events 5 of 28 versus 9 of 30; deaths 2 of 28 versus 2 of 30. No between-arm analysis posted for any endpoint.","autoantibody titre (primary); FVC, survival, transplant-free survival, hospitalisations (secondary)",39.0,E10 mechanistic / biomarker (primary); E2 and E1 (secondary),,,"Phase 6 A5: the only IPF-specific blinded randomised monotherapy trial (NCT01969409, n=58) is registry-posted only",True,"PHASE6 A5 (registry-results sweep): corrected from 'Poorly studied - no IPF-only monotherapy human evidence; appears only in combination or pooled sources'. IPF-specific blinded randomised monotherapy data do exist, registry-posted only. The trial met its mechanistic primary endpoint (lower autoantibody titre) and showed no clinical benefit, with a numerically unfavourable hospitalisation and serious-adverse-event count. Indirect connective-tissue-disease and NSIP rituximab trials (PMID 32777737, 36375479, 37230499) remain labelled indirect."
voxelotor,Poorly studied,sponsor stopped the IPF trial for lack of clinically meaningful benefit; no primary outcome data posted,lack_of_efficacy,Unknown,registry-only,PHASE2,2.0,2.0,COMPLETED|TERMINATED,,,,,,Study was terminated due to lack of clinically meaningful benefit.,,"Phase 6 A5: stated stopping reason is efficacy, but no result is retrievable - the underlying data remain missing",True,"PHASE6 A5 (registry-results sweep): no primary outcome data are posted; the sponsor's stated reason for stopping NCT02989168 is lack of clinically meaningful benefit, and NCT02846324 (n=39) carries a safety primary endpoint. abandoned_reason corrected from unknown to lack of efficacy on the sponsor's own stated grounds."
